Title,Genre,Duration,Rating,Voting,Votes
The Unholy Trinity,Action,1h 35m,5.5,1.8K,
Twisters,Action,2h 2m,6.5,178K,
Gladiator II,Action,2h 28m,6.5,260K,
Kraven the Hunter,Action,2h 7m,5.5,66K,
Dune: Part Two,Action,2h 46m,8.5,649K,
Deadpool & Wolverine,Action,2h 8m,7.5,513K,
The Ministry of Ungentlemanly Warfare,Action,2h 2m,6.8,141K,
Furiosa: A Mad Max Saga,Action,2h 28m,7.5,294K,
William Tell,Action,2h 14m,5.7,3.6K,
Carry-On,Action,1h 59m,6.5,174K,
Sonic the Hedgehog 3,Action,1h 50m,6.9,67K,
The Fall Guy,Action,2h 6m,6.8,229K,
Civil War,Action,1h 49m,7.0,246K,
Venom: The Last Dance,Action,1h 50m,6.0,133K,
The Count of Monte-Cristo,Action,2h 58m,7.6,38K,
The Beekeeper,Action,1h 45m,6.3,164K,
Road House,Action,2h 1m,6.2,172K,
Freaky Tales,Action,1h 47m,6.2,7.9K,
40 Acres,Action,1h 53m,7.1,818,
Fight or Flight,Action,1h 42m,6.4,16K,
Elevation,Action,1h 31m,5.6,25K,
Rebel Ridge,Action,2h 11m,6.8,92K,
Godzilla x Kong: The New Empire,Action,1h 55m,6.0,125K,
Argylle,Action,2h 19m,5.6,95K,
Abigail,Action,1h 49m,6.5,101K,
Transformers One,Action,1h 44m,7.6,55K,
Madame Web,Action,1h 56m,4.1,104K,
Borderlands,Action,1h 41m,4.7,51K,
Land of Bad,Action,1h 53m,6.6,54K,
The Instigators,Action,1h 41m,6.2,39K,
The Crow,Action,1h 51m,4.7,37K,
Bad Boys: Ride or Die,Action,1h 55m,6.5,104K,
Kingdom of the Planet of the Apes,Action,2h 25m,6.8,156K,
Relay,Action,1h 52m,7.3,149,
Maharaja,Action,2h 21m,8.4,72K,
The Union,Action,1h 47m,5.4,55K,
Damsel,Action,1h 50m,6.1,112K,
Red One,Action,2h 3m,6.3,143K,
Kung Fu Panda 4,Action,1h 34m,6.3,71K,
The Killer,Action,2h 6m,5.7,14K,
Survive,Action,1h 30m,4.6,3.4K,
Monkey Man,Action,2h 1m,6.8,94K,
Canary Black,Action,1h 41m,5.4,12K,
Drive-Away Dolls,Action,1h 24m,5.4,25K,
The Lord of the Rings: The War of the Rohirrim,Action,2h 14m,6.3,34K,
Absolution,Action,1h 52m,5.2,9.2K,
Homestead,Action,1h 52m,5.2,4.3K,
Dirty Angels,Action,1h 44m,4.4,4.3K,
Jackpot!,Action,1h 46m,5.8,32K,
The Silent Hour,Action,1h 39m,6.1,8.6K,
Beverly Hills Cop: Axel F,Action,1h 58m,6.4,83K,
Kalki 2898 AD,Action,3h,7.0,69K,
Pushpa: The Rule - Part 2,Action,3h 21m,6.1,59K,
The Killer's Game,Action,1h 44m,5.8,19K,
Attack on Titan the Movie: The Last Attack,Action,2h 25m,9.1,18K,
Thelma,Action,1h 38m,7.0,25K,
Solo Leveling: ReAwakening,Action,2h 1m,8.8,14K,
Descendants: The Rise of Red,Action,1h 31m,4.7,7.4K,
Blitz,Action,2h,6.2,17K,
Hellboy: The Crooked Man,Action,1h 39m,4.5,15K,
Arcadian,Action,1h 32m,5.5,25K,
Brothers,Action,1h 29m,5.4,14K,
Role Play,Action,1h 40m,5.5,19K,
Apocalypse Z: The Beginning of the End,Action,1h 57m,6.1,21K,
Old Guy,Action,1h 34m,5.2,3.4K,
Uglies,Action,1h 40m,4.7,34K,
Atlas,Action,1h 58m,5.6,57K,
Weekend in Taipei,Action,1h 40m,5.7,5.5K,
Rebel Moon - Part Two: The Scargiver,Action,2h 2m,5.3,60K,
Azrael,Action,1h 26m,5.4,12K,
Damaged,Action,1h 37m,4.7,7.7K,
Lift,Action,1h 47m,5.5,50K,
Under Paris,Action,1h 44m,5.2,37K,
Mura,Action,2h 9m,7.2,6.5K,
Watchmen: Chapter I,Action,1h 23m,7.1,7.1K,
Dan Da Dan: First Encounter,Action,1h 23m,8.2,3.1K,
Werewolves,Action,1h 33m,4.4,7.7K,
The Prosecutor,Action,1h 57m,6.6,2.8K,
Utopia,Action,1h 31m,3.7,467,
Alien: Rubicon,Action,1h 26m,2.4,529,
Speed 220,Action,1h 54m,6.4,1.3K,
Amaran,Action,2h 47m,8.1,20K,
Night Call,Action,1h 37m,6.7,2.6K,
Life After Fighting,Action,2h 6m,6.4,2.2K,
Justice League: Crisis on Infinite Earths - Part One,Action,1h 33m,6.2,8.9K,
Justice League: Crisis on Infinite Earths - Part Three,Action,1h 34m,6.0,4.9K,
Marco,Action,2h 25m,6.7,23K,
No Way Up,Action,1h 30m,4.6,11K,
My Spy: The Eternal City,Action,1h 52m,5.7,11K,
Cloud,Action,2h 4m,6.3,1.7K,
Boneyard,Action,1h 36m,4.1,5.3K,
Devara Part 1,Action,2h 56m,6.0,21K,
Aftermath,Action,1h 37m,5.2,4.5K,
Cells at Work!,Action,1h 49m,6.7,1K,
Captain Miller,Action,2h 37m,7.2,14K,
Pani,Action,2h 23m,6.9,3.4K,
Baby John,Action,2h 39m,5.0,18K,
Take Cover,Action,1h 30m,5.1,2.9K,
Ultraman: Rising,Action,1h 57m,6.9,6.8K,
Yodha,Action,2h 10m,5.7,9K,
Chandu Champion,Action,2h 22m,7.8,35K,
Fighter,Action,2h 46m,6.2,53K,
Hitpig,Action,1h 26m,5.2,1.1K,
The Hangman,Action,1h 32m,3.3,1.1K,
Trigger Warning,Action,1h 46m,4.6,20K,
11 Rebels,Action,2h 35m,6.3,786,
River of Blood,Action,1h 26m,5.0,2K,
Aavesham,Action,2h 35m,7.8,30K,
Karma,Action,2h 47m,7.8,1.5K,
Wynonna Earp: Vengeance,Action,1h 36m,5.5,1.7K,
In the Fire of War,Action,1h 55m,6.8,248,
Twilight of the Warriors: Walled In,Action,2h 6m,6.9,11K,
Drive Back,Action,1h 34m,4.5,678,
Demon Slayer: Kimetsu No Yaiba - To the Hashira Training,Action,1h 44m,7.2,8.9K,
The Greatest of All Time,Action,3h 3m,5.7,24K,
Officer Black Belt,Action,1h 48m,6.9,8.9K,
Red Right Hand,Action,1h 51m,5.5,6.1K,
Watchmen: Chapter II,Action,1h 30m,7.1,3.6K,
"I, the Executioner",Action,1h 58m,6.3,2.1K,
,Action,,,,
Anora,Comedy,2h 19m,7.5,211K,
Riff Raff,Comedy,1h 43m,5.7,5.1K,
Friendship,Comedy,1h 40m,6.9,15K,
Long Distance,Comedy,1h 27m,5.7,4.3K,
A Real Pain,Comedy,1h 30m,7.1,107K,
Beetlejuice Beetlejuice,Comedy,1h 45m,6.6,156K,
Moana 2,Comedy,1h 40m,6.5,111K,
Challengers,Comedy,2h 11m,7.0,160K,
IF,Comedy,1h 44m,6.4,60K,
The Idea of You,Comedy,1h 55m,6.3,76K,
Sister Midnight,Comedy,1h 47m,5.8,1.4K,
Inside Out 2,Comedy,1h 36m,7.5,225K,
Kinds of Kindness,Comedy,2h 44m,6.5,62K,
Fly Me to the Moon,Comedy,2h 12m,6.6,53K,
Ghostbusters: Frozen Empire,Comedy,1h 55m,6.1,96K,
Saturday Night,Comedy,1h 49m,6.9,34K,
My Old Ass,Comedy,1h 29m,6.9,42K,
Despicable Me 4,Comedy,1h 34m,6.2,69K,
Sketch,Comedy,1h 32m,8.1,95,
The Friend,Comedy,1h 59m,6.3,3.5K,
Paddington in Peru,Comedy,1h 46m,6.7,27K,
A Different Man,Comedy,1h 52m,6.9,32K,
Bob Trevino Likes It,Comedy,1h 41m,7.5,2.8K,
Snack Shack,Comedy,1h 52m,7.0,14K,
Kneecap,Comedy,1h 45m,7.6,20K,
The Greatest Hits,Comedy,1h 34m,6.2,7.8K,
Spermageddon,Comedy,1h 20m,5.5,1.3K,
The Visitor,Comedy,1h 41m,4.1,404,
Mean Girls,Comedy,1h 52m,5.5,38K,
It's What's Inside,Comedy,1h 43m,6.6,45K,
F*** Marry Kill,Comedy,1h 37m,5.3,3.4K,
Sew Torn,Comedy,1h 40m,6.0,968,
Ricky Stanicky,Comedy,1h 53m,6.2,58K,
On Becoming a Guinea Fowl,Comedy,1h 39m,7.0,1.4K,
Misericordia,Comedy,1h 44m,6.8,2.8K,
A Family Affair,Comedy,1h 51m,5.4,38K,
A Nice Indian Boy,Comedy,1h 36m,7.4,2.6K,
The Garfield Movie,Comedy,1h 41m,5.7,25K,
The Day the Earth Blew Up: A Looney Tunes Movie,Comedy,1h 31m,6.9,6.5K,
How to Make Millions Before Grandma Dies,Comedy,2h 5m,7.9,18K,
Nightbitch,Comedy,1h 39m,5.5,21K,
Miller's Girl,Comedy,1h 33m,5.2,25K,
I Don't Understand You,Comedy,1h 37m,5.4,939,
Eephus,Comedy,1h 39m,6.7,1.1K,
The Wonderful Story of Henry Sugar and Three More,Comedy,1h 28m,7.1,8.7K,
Y2K,Comedy,1h 31m,4.8,17K,
Modi: Three Days on the Wing of Madness,Comedy,1h 48m,5.4,651,
Dìdi,Comedy,1h 33m,7.3,14K,
Jane Austen Wrecked My Life,Comedy,1h 38m,6.4,963,
Get Away,Comedy,1h 26m,5.3,7.8K,
Incoming,Comedy,1h 31m,5.8,15K,
Upgraded,Comedy,1h 44m,6.1,31K,
Greedy People,Comedy,1h 52m,6.2,13K,
Wallace & Gromit: Vengeance Most Fowl,Comedy,1h 22m,7.5,37K,
Wild Wild Punjab,Comedy,1h 49m,6.2,16K,
Lisa Frankenstein,Comedy,1h 41m,6.1,29K,
Bad Shabbos,Comedy,1h 24m,7.2,334,
Sacramento,Comedy,1h 29m,5.9,1.8K,
Superboys of Malegaon,Comedy,2h 7m,7.7,6.1K,
Your Monster,Comedy,1h 43m,6.4,6.5K,
Holy Cow,Comedy,1h 32m,7.1,2.8K,
Skincare,Comedy,1h 36m,5.7,5K,
The Balconettes,Comedy,1h 44m,5.9,1.5K,
Goodrich,Comedy,1h 50m,6.3,6.4K,
Spellbound,Comedy,1h 49m,5.5,8K,
Nuked,Comedy,1h 26m,6.8,67,
The Marching Band,Comedy,1h 43m,7.4,4.2K,
Ghostlight,Comedy,1h 55m,7.6,6.5K,
Hard Truths,Comedy,1h 37m,7.2,6.7K,
The Uninvited,Comedy,1h 37m,5.3,800,
Unfrosted,Comedy,1h 37m,5.5,35K,
Harold and the Purple Crayon,Comedy,1h 30m,5.7,9K,
Der Buchspazierer,Comedy,1h 38m,7.2,683,
Four Mothers,Comedy,1h 29m,6.9,583,
Universal Language,Comedy,1h 29m,6.9,2.1K,
Sasquatch Sunset,Comedy,1h 28m,5.4,5.7K,
Sookshma Darshini,Comedy,2h 22m,7.8,11K,
Premalu,Comedy,2h 36m,7.8,21K,
Mother of the Bride,Comedy,1h 28m,4.8,17K,
Kahan Shuru Kahan Khatam,Comedy,1h 47m,6.1,3.3K,
Rumours,Comedy,1h 44m,4.9,5.3K,
Orion and the Dark,Comedy,1h 33m,6.3,18K,
My Dead Friend Zoe,Comedy,1h 43m,6.5,2.9K,
Piece by Piece,Comedy,1h 33m,6.9,6.4K,
Find Me Falling,Comedy,1h 33m,6.3,13K,
Family Pack,Comedy,1h 34m,5.5,9.8K,
Simarik,Comedy,1h 51m,5.3,4.2K,
The Radleys,Comedy,1h 55m,5.0,3K,
Dead Talents Society,Comedy,1h 51m,7.0,2.7K,
Night of the Zoopocalypse,Comedy,1h 31m,6.0,1K,
Uma Musume: Pretty Derby - Beginning of a New Era,Comedy,1h 48m,7.4,178,
Psycho Therapy: The Shallow Tale of a Writer Who Decided to Write about a Serial Killer,Comedy,1h 42m,6.2,1.6K,
My Favourite Cake,Comedy,1h 37m,7.4,8K,
Our Little Secret,Comedy,1h 41m,5.7,24K,
Bloody Axe Wound,Comedy,1h 23m,5.0,1.1K,
Doraemon the Movie: Nobita's Earth Symphony,Comedy,1h 55m,6.6,1.6K,
The American Society of Magical Negroes,Comedy,1h 44m,3.8,12K,
The Merry Gentlemen,Comedy,1h 27m,4.8,10K,
Super Happy Forever,Comedy,1h 34m,6.8,364,
Irish Wish,Comedy,1h 33m,5.2,22K,
Stree 2: Sarkate Ka Aatank,Comedy,2h 27m,6.9,43K,
Diamanti,Comedy,2h 15m,6.8,1.7K,
Haikyu!! The Dumpster Battle,Comedy,1h 25m,7.7,6.7K,
Dear Santa,Comedy,1h 47m,5.4,19K,
Beautiful Wedding,Comedy,1h 40m,4.1,4.4K,
Jamais sans mon psy,Comedy,1h 31m,5.1,615,
Sweethearts,Comedy,1h 38m,5.6,4.3K,
Treasure,Comedy,1h 51m,6.3,2.2K,
Manamey,Comedy,2h 35m,5.3,787,
Teri Baaton Mein Aisa Uljha Jiya,Comedy,2h 21m,6.2,55K,
The Astronaut Lovers,Comedy,1h 56m,7.1,1K,
Three Friends,Comedy,1h 57m,6.6,892,
Sunlight,Comedy,1h 36m,7.6,42,
Winner,Comedy,1h 43m,6.5,2.8K,
Turn Me On,Comedy,1h 39m,5.6,804,
Megamind vs. The Doom Syndicate,Comedy,1h 23m,2.5,5.8K,
Sweet Dreams,Comedy,1h 35m,5.4,1.5K,
Hotspring Sharkattack,Comedy,1h 10m,6.1,66,
Kalvan,Comedy,2h 22m,5.6,1K,
The Second Act,Comedy,1h 20m,6.4,3.9K,
A House on Fire,Comedy,1h 45m,7.2,3.6K,
Between the Temples,Comedy,1h 51m,6.2,3.2K,
Hot Frosty,Comedy,1h 32m,5.3,15K,
I Am What I Am 2,Comedy,2h 14m,7.5,418,
Sthanarthi Sreekuttan,Comedy,2h 15m,7.0,1.7K,
Arthur's Whisky,Comedy,1h 34m,4.7,1K,
Die Hart 2: Die Harter,Comedy,1h 32m,4.3,5.7K,
Boot Camp,Comedy,1h 34m,5.8,1.3K,
The Pee Pee Poo Poo Man,Comedy,1h 19m,7.7,44,
Sex-Positive,Comedy,1h 25m,4.1,810,
Adult Best Friends,Comedy,1h 30m,5.2,575,
Love in the Big City,Comedy,1h 58m,7.4,1.8K,
Babes,Comedy,1h 44m,6.3,6.6K,
The Fabulous Four,Comedy,1h 38m,4.8,1.7K,
The Supremes at Earl's All-You-Can-Eat,Comedy,2h 4m,6.5,1.5K,
The Problem with People,Comedy,1h 42m,5.7,562,
Space Cadet,Comedy,1h 50m,5.0,10K,
The Mouse Trap,Comedy,1h 20m,2.4,3.6K,
Peacock,Comedy,1h 42m,7.2,739,
Crayon Shin-chan: Our Dinosaur Diary,Comedy,1h 46m,6.6,633,
Standing on the Shoulders of Kitties,Comedy,1h 51m,6.2,680,
Stealing Pulp Fiction,Comedy,1h 18m,6.0,54,
Mukadderat,Comedy,1h 30m,7.0,1.6K,
Let's Start a Cult,Comedy,1h 30m,5.9,1.6K,
Through My Window: Looking at You,Comedy,1h 45m,5.5,5.6K,
That Christmas,Comedy,1h 31m,6.8,17K,
How to Make a Killing,Comedy,1h 49m,6.5,1.5K,
Don't Tell Mom the Babysitter's Dead,Comedy,1h 39m,3.8,1.3K,
Do Aur Do Pyaar,Comedy,2h 20m,6.4,12K,
Miracle Mirrors,Comedy,1h 43m,5.4,396,
Players,Comedy,1h 45m,5.7,12K,
Jaaiye Aap Kahan Jaayenge,Comedy,1h 59m,8.7,59,
Un altro ferragosto,Comedy,1h 55m,5.7,653,
I Love You Forever,Comedy,1h 29m,5.6,219,
The 4:30 Movie,Comedy,1h 27m,6.0,4K,
Boy Kaldag,Comedy,1h 34m,5.5,192,
Lake George,Comedy,1h 58m,6.5,1.6K,
Pabar,Comedy,2h 39m,8.2,283,
Buffalo Kids,Comedy,1h 33m,6.6,793,
Madgaon Express,Comedy,2h 23m,7.0,41K,
Vaazha: Biopic of a Billion Boys,Comedy,2h 5m,7.3,4.7K,
Believe in Christmas,Comedy,1h 30m,6.1,870,
Everybody Loves Jenifa,Comedy,2h 15m,8.4,103,
Ajosepo,Comedy,2h 14m,8.8,72,
Vulgar,Comedy,1h 43m,5.4,205,
Hisaab Barabar,Comedy,1h 52m,5.8,1.9K,
Handsome Guys,Comedy,1h 41m,6.5,990,
Khel Khel Mein,Comedy,2h 15m,6.5,28K,
Summer Camp,Comedy,1h 35m,4.5,1.7K,
This Is Me... Now,Comedy,1h 5m,4.1,7.2K,
My Ex's Wedding,Comedy,1h 35m,8.8,58,
Am I Racist?,Comedy,1h 40m,6.6,17K,
U Are the Universe,Comedy,1h 30m,7.6,419,
Crew,Comedy,1h 58m,5.8,38K,
Bau: Artist at War,Comedy,2h 10m,7.2,65,
Tim Travers & the Time Travelers Paradox,Comedy,1h 35m,6.8,354,
A Little Something Extra,Comedy,1h 39m,7.0,5.3K,
The Thundermans Return,Comedy,1h 10m,5.0,1.9K,
Dedalus,Comedy,1h 32m,7.8,48,
Takintilar,Comedy,1h 36m,5.3,3K,
Invention,Comedy,1h 12m,5.9,119,
Saving Bikini Bottom: The Sandy Cheeks Movie,Comedy,1h 22m,3.7,4.1K,
Baby Assassins: Nice Days,Comedy,1h 43m,7.2,380,
This Time Next Year,Comedy,1h 56m,5.6,2.4K,
You Are the Apple of My Eye,Comedy,1h 41m,6.8,3.8K,
Bring on the Damned!,Comedy,1h 54m,5.0,49,
Swamp Dogg Gets His Pool Painted,Comedy,1h 35m,8.3,99,
How Could I Live Without You?,Comedy,1h 45m,6.9,1.1K,
Bidurbhai,Comedy,2h 28m,9.2,421,
White Snake: Afloat,Comedy,2h 13m,6.9,593,
Munjya,Comedy,2h 3m,6.3,26K,
Nutcrackers,Comedy,1h 44m,5.5,9.5K,
Dirty Ice Cream,Comedy,47m,4.2,139,
The Best Christmas Pageant Ever,Comedy,1h 39m,6.8,6.3K,
Trouble,Comedy,1h 38m,6.2,7.2K,
Chosen Family,Comedy,1h 28m,4.7,526,
Kangaroo Island,Comedy,1h 53m,7.9,30,
Jim's Story,Comedy,1h 41m,6.8,1.1K,
Murder Mubarak,Comedy,2h 20m,5.8,51K,
À bicyclette!,Comedy,1h 30m,6.9,296,
Notice to Quit,Comedy,1h 31m,5.5,621,
Bull Run,Comedy,1h 37m,8.2,14,
Timestalker,Comedy,1h 29m,5.5,3.1K,
The Tiger's Apprentice,Comedy,1h 24m,5.8,2.3K,
Opa Cor,Comedy,1h 26m,5.7,403,
Marcello Mio,Comedy,2h,5.9,998,
Cheech & Chong's Last Movie,Comedy,2h,7.3,533,
Breakfast with Giraffes,Comedy,1h 37m,5.9,1.2K,
Reunion,Comedy,1h 30m,5.6,3.7K,
The Gutter,Comedy,1h 32m,5.5,584,
El Hareefa 2: El Remontada,Comedy,2h 10m,6.3,570,
Little Death,Comedy,1h 50m,5.5,213,
Drugstore June,Comedy,1h 31m,5.4,1.8K,
Agak Laen,Comedy,1h 59m,7.6,3.1K,
Chantal in Fairyland,Comedy,1h 58m,4.6,2.8K,
Marmalade,Comedy,1h 39m,6.3,3.8K,
Empire Queen: The Golden Age of Magic,Comedy,2h 28m,3.3,255,
The Black Hole,Comedy,1h 55m,6.0,256,
Thelma the Unicorn,Comedy,1h 33m,5.7,3.1K,
Prom Dates,Comedy,1h 26m,5.2,1.8K,
Bhool Bhulaiyaa 3,Comedy,2h 38m,4.6,78K,
Heavier Trip,Comedy,1h 36m,6.0,1.5K,
And Mrs,Comedy,1h 51m,5.8,846,
Arena Wars,Comedy,1h 36m,5.5,3.2K,
Her Seyin Basi Merkür,Comedy,1h 45m,3.4,504,
The Mountain,Comedy,1h 29m,6.5,214,
La Casa,Comedy,1h 23m,6.9,1K,
Mittran Da Challeya Truck Ni,Comedy,2h 11m,7.7,1.1K,
How to Date Billy Walsh,Comedy,1h 38m,5.2,4K,
Bookworm,Comedy,1h 43m,6.0,2.1K,
The Price of Nonna's Inheritance,Comedy,1h 30m,5.3,1.2K,
Panda Plan,Comedy,1h 39m,5.1,1.6K,
Up the Catalogue,Comedy,1h 12m,8.1,10,
Shell,Comedy,1h 40m,6.8,79,
The Fisherman,Comedy,1h 46m,7.5,60,
Dear Paris,Comedy,1h 48m,5.6,409,
Zenithal,Comedy,1h 20m,4.9,122,
Gelin Takimi,Comedy,1h 49m,3.9,6.5K,
Kyuka: Before Summer's End,Comedy,1h 43m,6.3,414,
The Present,Comedy,1h 26m,5.5,942,
Pilot,Comedy,1h 50m,6.2,931,
A Legend,Comedy,2h 9m,4.7,1.1K,
Spread,Comedy,1h 52m,5.7,682,
Hotii de Subiecte,Comedy,1h 50m,6.4,228,
A Country Called Ghana,Comedy,1h 27m,7.6,25,
A.R.M,Comedy,2h 30m,7.1,9.1K,
Feeling Randy,Comedy,1h 21m,7.1,519,
The Other Way Around,Comedy,1h 54m,6.4,1.8K,
Meet Me Next Christmas,Comedy,1h 45m,5.7,8.7K,
Rent Free,Comedy,1h 33m,7.8,82,
Carved,Comedy,1h 35m,4.4,2.9K,
200% Wolf,Comedy,1h 38m,5.9,1.3K,
Lopaliki Ra Chepta,Comedy,1h 52m,8.1,1.5K,
Seeds,Comedy,1h 22m,4.9,240,
Running on Empty,Comedy,1h 31m,4.9,618,
Five Blind Dates,Comedy,1h 23m,5.1,2.1K,
Queens of Drama,Comedy,1h 54m,6.3,225,
Meet the Barbarians,Comedy,1h 41m,6.4,720,
Blame the Game,Comedy,1h 32m,5.4,5.4K,
Nice Girls,Comedy,1h 32m,4.2,1.2K,
10 Lives,Comedy,1h 28m,5.9,2.1K,
Destroy All Neighbors,Comedy,1h 25m,5.3,2.1K,
Varshangalkku Shesham,Comedy,2h 46m,6.6,4.5K,
K-Pops!,Comedy,1h 54m,7.3,62,
The Trainer,Comedy,1h 35m,7.2,67,
The Holiday List,Comedy,1h 25m,4.2,219,
Pegasus 2,Comedy,2h 1m,6.9,1.3K,
The Underdoggs,Comedy,1h 36m,5.6,4.7K,
Illegal Hayatlar: Meclis,Comedy,1h 55m,6.8,860,
Frankie Freako,Comedy,1h 25m,5.5,1.4K,
Citizen of a Kind,Comedy,1h 54m,6.6,935,
Fakt Purusho Maate,Comedy,2h 16m,7.0,283,
Lesbian Space Princess,Comedy,1h 27m,7.1,212,
I Want to Be Neenja! The Movie,Comedy,1h 30m,3.6,404,
The Empire,Comedy,1h 50m,5.2,1.4K,
Her Story,Comedy,2h 3m,7.6,2K,
Street Trash,Comedy,1h 25m,4.5,965,
Dog on Trial,Comedy,1h 23m,6.0,809,
The Southern Chronicles,Comedy,2h,8.7,2.9K,
Rats!,Comedy,1h 25m,6.5,224,
Crackcoon,Comedy,1h 28m,3.6,458,
Slay,Comedy,1h 39m,6.5,1.2K,
Krazy House,Comedy,1h 29m,4.8,1.5K,
Noah's Ark,Comedy,1h 36m,4.2,706,
Two to One,Comedy,1h 56m,6.1,869,
When in Rome,Comedy,1h 38m,6.1,809,
The Code,Comedy,1h 38m,6.0,242,
Longing,Comedy,1h 51m,4.7,942,
Wishing on a Star,Comedy,1h 39m,6.6,195,
No Time to Spy: A Loud House Movie,Comedy,1h 21m,6.3,505,
Tezgah,Comedy,1h 40m,5.4,204,
Broken Rage,Comedy,1h 2m,6.1,1.7K,
And the Breadwinner Is...,Comedy,2h 3m,5.9,494,
My Future You,Comedy,1h 49m,7.4,317,
Wallbanger,Comedy,1h 58m,5.6,750,
A Sudden Case of Christmas,Comedy,1h 31m,5.1,1.2K,
We're All Gonna Die,Comedy,1h 50m,5.7,177,
Monster on a Plane,Comedy,1h 28m,4.6,2.4K,
Face Off 7: One Wish,Comedy,2h 18m,7.3,383,
Another Day in America,Comedy,1h 52m,8.9,95,
Sin instrucciones,Comedy,1h 39m,6.3,655,
Operation Taco Gary's,Comedy,1h 28m,6.8,35,
Empire Waist,Comedy,1h 37m,6.2,218,
Troubleshooters,Comedy,1h 50m,6.4,436,
Mr. Manhattan,Comedy,1h 50m,6.8,479,
Jack in Time for Christmas,Comedy,1h 6m,4.6,1K,
Moartea in vacanta,Comedy,1h 29m,6.6,1.7K,
Christmas Eve in Miller's Point,Comedy,1h 46m,5.6,2.3K,
A Dog's Will 2,Comedy,1h 44m,6.2,3.2K,
Griffin in Summer,Comedy,1h 30m,7.2,172,
Everything's Fifty Fifty,Comedy,1h 53m,6.3,589,
Denominación de origen,Comedy,1h 26m,8.2,305,
404 Run Run,Comedy,1h 44m,5.7,507,
Balas & Bolinhos: Só Mais uma Coisa,Comedy,1h 53m,6.3,405,
Bodegón con fantasmas,Comedy,1h 28m,6.5,264,
The Everything Pot,Comedy,1h 30m,7.5,35,
The Gesuidouz,Comedy,1h 33m,6.7,100,
Honey Money Phony,Comedy,1h 55m,6.2,225,
Sallywood,Comedy,1h 35m,7.7,62,
Mud Key,Comedy,1h 16m,5.5,77,
Paying for It,Comedy,1h 25m,6.9,133,
Haunt Season,Comedy,1h 21m,4.9,907,
Enchanting Christmas,Comedy,1h 31m,6.3,371,
Drie dagen vis,Comedy,1h 25m,7.4,328,
Say a Little Prayer,Comedy,1h 43m,8.5,48,
Vicky Vidya Ka Woh Wala Video,Comedy,2h 32m,5.2,12K,
V dobrém i zlém,Comedy,1h 33m,6.0,98,
"Hemet, or the Landlady Don't Drink Tea",Comedy,1h 29m,4.3,96,
Seni Memahami Kekasih,Comedy,1h 31m,8.0,65,
Badaa Saat Fi Yawman Ma,Comedy,1h 40m,5.8,357,
Extremely Unique Dynamic,Comedy,1h 13m,7.4,353,
Air Fryer Slaughter,Comedy,1h 30m,6.3,569,
Tomten är far till alla barnen,Comedy,2h 30m,7.2,14,
Die Kwiksilwers (The Quicksilvers),Comedy,1h 30m,8.4,16,
Jo Koy: Live from Brooklyn,Comedy,59m,6.6,804,
Could Have Waited for August,Comedy,1h 52m,6.2,866,
Hollywood Dreams,Comedy,1h 39m,8.5,22,
Passagrana,Comedy,1h 40m,6.4,148,
Cheers to Life,Comedy,1h 44m,5.2,297,
The Gentleman,Comedy,1h 43m,7.9,107,
Lubber Pandhu,Comedy,2h 26m,8.1,6.9K,
AJ Goes to the Dog Park,Comedy,1h 19m,7.2,15,
Kundannoorile Kulsitha Lahala,Comedy,2h 27m,5.7,312,
French Girl,Comedy,1h 46m,5.5,2.5K,
City Hunter,Comedy,1h 42m,6.3,5.8K,
35-Chinna Katha Kaadu,Comedy,2h 25m,7.9,1.1K,
Inheritance,Comedy,1h 34m,5.1,3.7K,
The Final Play,Comedy,1h 48m,7.4,12,
Bad Newz,Comedy,2h 22m,4.7,26K,
Mars,Comedy,1h 24m,8.1,26,
Young Werther,Comedy,1h 41m,5.5,297,
Guruvayoor Ambalanadayil,Comedy,2h 12m,6.6,5.1K,
Miracle Mile,Comedy,1h 22m,7.3,42,
Woody Woodpecker Goes to Camp,Comedy,1h 40m,4.5,2.7K,
The Real Bros of Simi Valley: The Movie,Comedy,1h 46m,7.0,1.1K,
Cocorico,Comedy,1h 32m,5.9,3.4K,
Nosferatu,Horror,2h 12m,7.2,217K,
Heretic,Horror,1h 51m,7.0,170K,
The Substance,Horror,2h 21m,7.2,324K,
Push,Horror,1h 29m,4.7,364,
Longlegs,Horror,1h 41m,6.6,196K,
Speak No Evil,Horror,1h 50m,6.8,113K,
Alien: Romulus,Horror,1h 59m,7.1,256K,
Presence,Horror,1h 24m,6.1,31K,
Smile 2,Horror,2h 7m,6.7,117K,
The Shrouds,Horror,2h,5.8,4.8K,
Trap,Horror,1h 45m,5.8,146K,
MaXXXine,Horror,1h 43m,6.2,75K,
Salem's Lot,Horror,1h 54m,5.6,36K,
The Rule of Jenny Pen,Horror,1h 44m,6.2,6.7K,
1978,Horror,1h 20m,5.0,789,
Oddity,Horror,1h 38m,6.7,47K,
A Quiet Place: Day One,Horror,1h 39m,6.3,157K,
Terrifier 3,Horror,2h 5m,6.3,52K,
Else,Horror,1h 42m,5.6,425,
Saint Clare,Horror,1h 32m,5.1,145,
Don't Move,Horror,1h 32m,5.8,41K,
Tarot,Horror,1h 32m,4.8,33K,
The Watchers,Horror,1h 42m,5.7,59K,
Immaculate,Horror,1h 29m,5.8,55K,
Witchboard,Horror,1h 52m,7.3,124,
Please Don't Feed the Children,Horror,1h 34m,4.8,563,
Cuckoo,Horror,1h 42m,5.7,30K,
Bagman,Horror,1h 33m,4.7,6.6K,
MadS,Horror,1h 29m,6.4,9.2K,
The Damned,Horror,1h 29m,5.7,5.9K,
Never Let Go,Horror,1h 41m,5.4,17K,
The Deliverance,Horror,1h 52m,5.1,23K,
Time Cut,Horror,1h 31m,5.0,20K,
The First Omen,Horror,1h 59m,6.5,66K,
Exhuma,Horror,2h 14m,6.9,25K,
Monster Island,Horror,1h 23m,6.1,109,
Apartment 7A,Horror,1h 47m,5.9,17K,
In a Violent Nature,Horror,1h 34m,5.6,28K,
The Strangers: Chapter 1,Horror,1h 31m,4.6,23K,
Dead Mail,Horror,1h 46m,6.0,2.3K,
Frewaka,Horror,1h 43m,6.1,1.7K,
The Platform 2,Horror,1h 39m,4.9,42K,
Chime,Horror,45m,6.4,2.8K,
Ick,Horror,1h 27m,5.5,228,
Night Swim,Horror,1h 38m,4.7,28K,
Went Up the Hill,Horror,1h 40m,6.6,94,
Missing Child Videotape,Horror,1h 44m,5.5,192,
Strange Harvest,Horror,1h 34m,6.7,82,
The Twin,Horror,1h 43m,7.9,88,
The Devil's Bath,Horror,2h 1m,6.6,6.9K,
Sting,Horror,1h 31m,5.7,17K,
Outbreak,Horror,1h 28m,4.4,1.3K,
A Sacrifice,Horror,1h 34m,5.0,5.8K,
A Desert,Horror,1h 43m,5.6,520,
Winnie-the-Pooh: Blood and Honey 2,Horror,1h 33m,4.6,12K,
V/H/S/Beyond,Horror,1h 54m,5.8,10K,
The Inheritance,Horror,1h 25m,4.7,3.1K,
Afraid,Horror,1h 24m,5.2,15K,
The Master and Margarita,Horror,2h 36m,7.2,5.1K,
Lembayung,Horror,2h 3m,5.9,791,
The Corpse Washer,Horror,1h 47m,6.1,1.3K,
Stream,Horror,2h 3m,5.9,9.5K,
Die Alone,Horror,1h 30m,5.8,4.1K,
The Exorcism,Horror,1h 35m,4.2,12K,
Daddy's Head,Horror,1h 32m,5.6,5.6K,
Succubus,Horror,1h 43m,4.6,1.4K,
Something in the Water,Horror,1h 26m,4.1,5.2K,
Lowlifes,Horror,1h 30m,6.2,6.8K,
Grafted,Horror,1h 36m,5.6,2.7K,
Jimmy and Stiggs,Horror,1h 20m,6.3,94,
The Beast Within,Horror,1h 37m,4.3,5.4K,
Blackwater Lane,Horror,1h 48m,4.6,2.4K,
Ghost Train,Horror,1h 34m,4.5,21,
Dirty Boy,Horror,1h 38m,7.5,40,
The Painted,Horror,1h 25m,4.8,1.2K,
Imaginary,Horror,1h 44m,4.7,18K,
Hold Your Breath,Horror,1h 34m,5.3,9K,
Sumala,Horror,1h 52m,5.8,1.2K,
The Severed Sun,Horror,1h 20m,4.9,401,
Here After,Horror,1h 33m,4.2,1.8K,
Outside,Horror,2h 22m,5.1,4.9K,
Humane,Horror,1h 33m,5.5,7.7K,
Noise,Horror,1h 33m,6.2,119,
Bramayugam,Horror,2h 19m,7.8,15K,
The Wailing,Horror,1h 47m,6.1,1.8K,
Pins & Needles,Horror,1h 35m,6.5,32,
Shelby Oaks,Horror,1h 39m,5.8,263,
The Last Breath,Horror,1h 36m,4.7,2.6K,
Parvulos,Horror,1h 59m,6.6,406,
The Front Room,Horror,1h 34m,4.6,5.8K,
Beezel,Horror,1h 21m,4.9,1.6K,
The Devil's Disciples,Horror,1h 22m,8.4,47,
Ghost Killer,Horror,1h 45m,6.7,115,
Shaitaan,Horror,2h 12m,6.5,55K,
The Banished,Horror,1h 37m,5.4,34,
Grave Torture,Horror,1h 57m,6.2,3.1K,
Pechi,Horror,1h 50m,5.5,1.5K,
Bleeding,Horror,1h 37m,4.3,370,
Pedro Páramo,Horror,2h 10m,6.3,3.2K,
Death's Sonata,Horror,1h 43m,8.4,510,
Spiders on a Plane,Horror,1h 18m,3.9,472,
Kryptic,Horror,1h 42m,4.0,648,
#MissingCouple,Horror,1h 33m,5.3,764,
The Soul Eater,Horror,1h 48m,5.8,3.1K,
Things Will Be Different,Horror,1h 42m,5.2,2.9K,
We Bury the Dead,Horror,1h 34m,6.9,124,
Handling the Undead,Horror,1h 37m,5.3,4.6K,
Dark Match,Horror,1h 34m,5.4,1.2K,
Black,Horror,1h 55m,7.1,2.9K,
Queen of Bones,Horror,1h 30m,4.7,289,
Mr. Crocket,Horror,1h 28m,5.4,4.9K,
Year 10,Horror,1h 36m,5.4,2K,
Bloodline Killer,Horror,1h 45m,4.2,5.2K,
Munkar,Horror,1h 27m,5.2,566,
Room Service,Horror,47m,3.9,327,
Mononoke the Movie: The Phantom in the Rain,Horror,1h 29m,6.7,1.4K,
Bogieville,Horror,1h 48m,4.0,656,
Consumed,Horror,1h 29m,3.7,659,
Turno Nocturno,Horror,1h 47m,5.3,719,
Crescent City,Horror,1h 43m,3.9,1.5K,
Koston enkeli,Horror,1h 36m,3.9,59,
Little Bites,Horror,1h 45m,4.7,1.4K,
Life of Belle,Horror,1h 13m,5.0,704,
The Lost Daughter,Horror,1h 39m,5.7,329,
Iconic,Horror,1h 30m,5.2,451,
The Dead Thing,Horror,1h 34m,4.7,1K,
Behave,Horror,1h 28m,2.8,217,
Desert Road,Horror,1h 30m,6.8,168,
Test Screening,Horror,1h 32m,6.9,68,
Terminator: Skynet Rising,Horror,1h 28m,6.6,286,
Invasive,Horror,1h 37m,5.6,809,
The Beldham,Horror,1h 25m,7.0,49,
Devon,Horror,1h 12m,2.6,325,
Exorcism Chronicles: The Beginning,Horror,1h 25m,6.4,136,
Drained,Horror,1h 47m,4.5,333,
Death Whisperer 2,Horror,1h 50m,6.3,1.6K,
Hunting Matthew Nichols,Horror,1h 36m,8.8,52,
Black Cab,Horror,1h 28m,4.1,1.9K,
Swap,Horror,1h 26m,2.9,383,
What Happened to Suzy,Horror,1h 34m,6.4,89,
The Curse of the Necklace,Horror,1h 39m,4.4,1.4K,
Out Come the Wolves,Horror,1h 26m,4.7,1.8K,
Spin the Bottle,Horror,2h 4m,3.5,1.1K,
The Killgrin,Horror,1h 23m,6.1,85,
The Haunted Apartment: Miss K,Horror,1h 43m,5.6,508,
Kalinga,Horror,1h 56m,6.6,9.5K,
Heresy,Horror,1h 1m,6.9,319,
Goldilocks and the Three Bears: Death and Porridge,Horror,1h 22m,2.2,2K,
The Ceremony Is About to Begin,Horror,1h 10m,4.4,837,
Demonte Colony 2,Horror,2h 24m,6.6,4.6K,
The Containment,Horror,1h 22m,4.7,73,
Chain Reactions,Horror,1h 43m,7.1,116,
The Ghost,Horror,1h 32m,6.3,130,
Campton Manor,Horror,1h 23m,3.4,245,
Cinderella's Curse,Horror,1h 22m,3.4,1.4K,
Broken Bird,Horror,1h 39m,5.8,129,
House of Spoils,Horror,1h 41m,5.0,4K,
Milk & Serial,Horror,1h 2m,6.6,2.7K,
You Can't Run Forever,Horror,1h 42m,4.5,4.5K,
Love Me Dead,Horror,1h 27m,6.8,44,
Barda,Horror,1h 39m,4.6,692,
Sunrise,Horror,1h 33m,3.9,1.2K,
#AMFAD: All My Friends Are Dead,Horror,1h 31m,4.5,1.3K,
The Witch: Revenge,Horror,1h 40m,5.3,889,
Operation Laila,Horror,2h 3m,5.5,56,
Do Not Enter,Horror,1h 25m,5.3,673,
Devils Stay,Horror,1h 35m,4.8,355,
Dr. Sander's Sleep Cure,Horror,1h 42m,6.4,1.2K,
Operation Undead,Horror,1h 50m,4.7,450,
The Matriarch,Horror,1h 22m,6.5,29,
Peripheral,Horror,1h 28m,9.4,44,
Una ballena,Horror,1h 48m,5.6,188,
Hauntology,Horror,1h 43m,3.7,374,
Jurassic Triangle,Horror,1h 24m,2.4,291,
Horror in the High Desert 3: Firewatch,Horror,1h 28m,5.4,777,
Rita,Horror,1h 47m,5.7,301,
Continente,Horror,1h 55m,5.1,98,
A Stranger in the Woods,Horror,1h 23m,4.8,710,
Oculus,Horror,1h 53m,6.0,15,
Dead Whisper,Horror,1h 28m,3.8,566,
Séance,Horror,1h 25m,8.0,27,
The Vampire Next Door,Horror,1h 50m,4.6,807,
Anaconda,Horror,1h 24m,4.9,682,
I'll Play Mother,Horror,1h 48m,5.1,111,
Conjuring the Cult,Horror,1h 33m,4.3,942,
Saint Catherine,Horror,1h 26m,3.5,264,
Ghost Game,Horror,1h 26m,3.4,382,
Latency,Horror,1h 34m,4.2,3K,
Rippy,Horror,1h 23m,4.2,1K,
The Bunker,Horror,1h 32m,4.3,367,
Hell Hole,Horror,1h 32m,4.4,1.4K,
Blood Star,Horror,1h 37m,6.3,6.2K,
Gacy: Serial Killer Next Door,Horror,1h 37m,3.3,487,
Heretics,Horror,1h 23m,3.8,109,
X Files,Horror,1h 14m,2.3,73,
Fear Cabin: The Last Weekend of Summer,Horror,1h 17m,3.5,19,
The Moogai,Horror,1h 26m,5.4,421,
Scurry,Horror,1h 30m,7.6,26,
Mummy Shark,Horror,1h 6m,1.9,211,
Monster Mash,Horror,1h 25m,3.5,457,
The Little Mermaid,Horror,1h 29m,3.5,218,
Dancing Village: The Curse Begins,Horror,2h 2m,5.7,4.3K,
Bureau 749,Horror,2h 3m,3.9,588,
Mother Father Sister Brother Frank,Horror,1h 25m,5.8,308,
Tantra,Horror,2h 16m,4.9,2.4K,
DarkGame,Horror,1h 40m,4.6,2.9K,
Bystanders,Horror,1h 22m,4.0,397,
Angels Fallen: Warriors of Peace,Horror,1h 43m,4.9,6.5K,
Desert Fiends,Horror,1h 46m,4.9,882,
Amityville: Where the Echo Lives,Horror,1h 29m,1.5,451,
Its Name Was Mormo,Horror,1h 33m,3.8,172,
Cinderella's Revenge,Horror,1h 25m,3.7,1.2K,
Animale,Horror,1h 38m,5.8,341,
We Are Wolves,Horror,1h 37m,3.4,274,
Unspeakable: Beyond the Wall of Sleep,Horror,1h 30m,4.0,138,
From Darkness,Horror,1h 35m,4.9,607,
Granny,Horror,40m,8.0,7,
The Woods,Horror,1h 16m,3.9,79,
The Forbidden Camp: Mass Possession,Horror,1h 52m,6.1,383,
The Train of Death,Horror,1h 43m,4.7,729,
Believer,Horror,1h 48m,4.6,444,
Mutants of Nature Cove,Horror,1h 28m,3.6,167,
Seven Cemeteries,Horror,1h 24m,4.6,672,
Baby Invasion,Horror,1h 20m,4.6,605,
Pacific Fear,Horror,1h 25m,3.5,313,
Invader,Horror,1h 10m,4.6,166,
Siccin 7,Horror,1h 34m,4.0,1.1K,
Love Me If You Dare,Horror,2h 8m,4.3,484,
Kakuda,Horror,1h 56m,5.4,6.4K,
Espantaho,Horror,1h 30m,4.8,243,
Paranoia,Horror,1h 35m,4.1,409,
Aranmanai 4,Horror,2h 28m,5.0,2.4K,
Curse of the Seven Oceans,Horror,1h 34m,5.5,530,
Operation Blood Hunt,Horror,1h 33m,3.4,531,
Poison Sangga: The Homewrecker's Curse,Horror,1h 58m,6.8,384,
Sattam En Kaiyil,Horror,2h 4m,7.9,2.3K,
Cara,Horror,1h 36m,6.1,62,
Possessions,Horror,1h 29m,3.7,887,
Mom,Horror,1h 35m,5.2,237,
The Demon Disorder,Horror,1h 26m,4.8,1.4K,
Alien Country,Horror,1h 36m,4.5,418,
Witch Hunter,Horror,1h 20m,4.4,32,
Vina: Before 7 Days,Horror,1h 40m,5.4,612,
Butchers Book Two: Raghorn,Horror,1h 28m,4.1,670,
Sorop,Horror,1h 43m,5.4,254,
Nearing Death,Horror,1h 36m,5.7,380,
Strange Frequencies: Taiwan Killer Hospital,Horror,1h 31m,7.2,75,
A Herança,Horror,1h 20m,5.3,248,
Killer Body Count,Horror,1h 49m,4.7,687,
Sayuri,Horror,1h 48m,6.3,359,
Kang Mak,Horror,2h 2m,6.4,910,
Riders,Horror,1h 45m,6.4,517,
Wanita Ahli Neraka,Horror,1h 35m,5.0,317,
Hide N Seek,Horror,2h 14m,8.8,2.2K,
Model House,Horror,1h 25m,4.0,1.1K,
Witch,Horror,1h 47m,4.9,1.4K,
Ba,Horror,1h 19m,7.4,70,
Thaghut,Horror,1h 42m,5.8,337,
I Heart Willie,Horror,1h 28m,6.1,119,
Jhamkudi,Horror,2h 31m,6.6,1K,
A Mother's Embrace,Horror,1h 30m,5.8,647,
Sam and Colby: The Legends of the Paranormal,Horror,1h 38m,4.9,316,
Hu Die Da Shia,Horror,1h 42m,4.3,62,
Festival of the Living Dead,Horror,1h 28m,4.3,673,
Another Cabin in the Woods Movie,Horror,1h 17m,4.7,240,
Night Shoot,Horror,1h 38m,5.6,93,
The Ritual,Horror,1h 40m,3.5,31,
Freelance,Horror,1h 50m,4.8,388,
Bloody Ishq,Horror,2h 18m,2.9,2.2K,
Last Stop: Rocafort St.,Horror,1h 29m,4.1,511,
Don't Open the Door,Horror,1h 27m,6.6,8.4K,
Sakaratul Maut,Horror,1h 47m,5.4,192,
12 to Midnight,Horror,1h 36m,3.6,303,
The Jack in the Box Rises,Horror,1h 32m,4.1,839,
Camp Pleasant Lake,Horror,1h 30m,3.3,2.4K,
You Shall Not Sleep Tonight,Horror,1h 17m,4.1,397,
My Boo,Horror,2h 5m,6.1,738,
They Call Her Death,Horror,1h 32m,5.4,213,
Are You There?,Horror,1h 28m,6.3,71,
Horny Teenagers Must Die!,Horror,1h 24m,3.2,249,
Cora,Horror,1h 44m,4.5,951,
Spring Garden,Horror,1h 30m,4.4,213,
Guess Who,Horror,1h 33m,4.8,378,
Blood Debt,Horror,1h 40m,5.4,214,
The Legend of Lake Hollow,Horror,1h 28m,3.7,554,
Wake,Horror,1h 25m,3.4,288,
Till Death Do Us Part,Horror,1h 48m,6.3,283,
Replicator,Horror,1h 15m,3.8,183,
Five Friends,Horror,1h 52m,6.7,992,
The North Witch,Horror,1h 20m,4.7,65,
What Lurks Beneath,Horror,1h 42m,4.2,809,
Chainsaws Were Singing,Horror,1h 57m,7.2,391,
Dominion of Darkness,Horror,1h 36m,5.6,862,
Do You See What I See,Horror,1h 49m,5.4,705,
The Notorious Finster,Horror,1h 53m,3.9,184,
History of Evil,Horror,1h 38m,3.4,834,
Down Below,Horror,1h 33m,2.6,208,
Haunted Universities 3,Horror,1h 59m,5.4,325,
Nyctophobia,Horror,1h 30m,6.8,1.8K,
Buzz House: The Movie,Horror,1h 33m,3.2,1.3K,
American Werewolf,Horror,1h 7m,1.6,125,
Lumina,Horror,1h 53m,2.1,716,
Salem Witch Doll,Horror,1h 16m,2.3,144,
Kuyang,Horror,1h 37m,5.2,501,
Clickbait: Unfollowed,Horror,1h 30m,4.9,611,
Wineville,Horror,1h 40m,4.3,286,
Interlopers,Horror,1h 46m,4.9,77,
Cellphone,Horror,1h 28m,3.0,754,
Possession: Kerasukan,Horror,1h 34m,3.6,309,
The Hunted,Horror,1h 34m,5.2,402,
The Monster Beneath Us,Horror,1h 43m,5.4,471,
Burning Butterflies,Horror,1h 43m,7.8,95,
There's a Zombie Outside,Horror,1h 15m,5.7,69,
Shark Girl,Horror,1h 22m,2.6,183,
The Windigo,Horror,1h 25m,4.6,726,
Curse of the Sin Eater,Horror,1h 30m,4.9,815,
Soul Reaper,Horror,1h 52m,5.7,329,
Perewangan,Horror,1h 49m,5.4,182,
Guna guna istri muda,Horror,1h 38m,5.2,207,
Bad Fish,Horror,1h 24m,3.3,348,
Phallacies,Horror,1h 41m,8.5,7,
Vincent,Horror,1h 32m,5.1,136,
Nokturno,Horror,1h 39m,3.7,232,
Haze,Horror,1h 16m,6.4,54,
Guardian,Horror,2h,4.0,676,
The Omicron Killer,Horror,1h 38m,2.9,600,
Bull Shark 3,Horror,1h 16m,3.3,116,
Pale Horse,Horror,1h 27m,3.8,79,
Butchers Book Three: Bonesaw,Horror,1h 47m,4.9,129,
The Waves of Madness,Horror,1h 8m,5.8,116,
Pasar Setan,Horror,1h 36m,6.7,62,
30 to 45,Horror,1h 58m,3.8,18,
The Bad Nun 3,Horror,1h 12m,3.2,281,
The Family Business,Horror,1h 29m,8.7,30,
Naalkane Aayama,Horror,1h 48m,7.2,2.2K,
H. P. Lovecraft's the Old Ones,Horror,1h 24m,3.6,416,
Z Zone,Horror,1h 23m,3.7,59,
Salve Maria,Horror,1h 51m,6.4,526,
Solitude,Horror,1h 37m,6.2,47,
Last Night at Terrace Lanes,Horror,1h 15m,4.4,657,
Alyad Palyad,Horror,2h 9m,6.9,1.2K,
Darling,Horror,2h 39m,5.2,759,
The Ruse,Horror,1h 45m,6.9,423,
A Fisherman's Tale,Horror,1h 43m,6.0,146,
The Redemption of Sin,Horror,1h 56m,5.7,240,
(Pri)sons,Horror,1h 40m,5.0,300,
Manipula,Horror,1h 34m,8.4,33,
Biaz: Kara Iyenin Laneti,Horror,1h 29m,5.1,405,
Art of a Hit,Horror,1h 33m,4.2,221,
Pusaka,Horror,1h 30m,5.2,201,
Suckers,Horror,1h 7m,2.4,133,
Invited,Horror,1h 11m,5.2,252,
Night Talkers,Horror,1h 29m,4.1,103,
Do Not Open,Horror,1h 31m,2.6,285,
Stupid Games,Horror,1h 26m,4.2,438,
Scared to Death,Horror,1h 38m,6.6,34,
Jurnal Risa by Risa Saraswati,Horror,1h 32m,4.4,315,
Gone with the Dead,Horror,1h 36m,4.1,56,
Pater Noster and the Mission of Light,Horror,1h 36m,7.2,145,
Virgo,Horror,1h 27m,5.4,104,
A Hell of a Difference,Horror,1h 20m,4.8,51,
Marni: The Story of Wewe Gombel,Horror,1h 59m,5.8,239,
The Book of the Witch,Horror,1h 13m,4.4,148,
Within the Pines,Horror,1h 13m,6.3,20,
The Stalking,Horror,1h 12m,3.6,53,
Yagna,Horror,2h 11m,6.3,1.6K,
Skeletons in the Closet,Horror,1h 32m,3.0,580,
Spirit Riser,Horror,1h 38m,6.4,40,
People in the Walls,Horror,1h 33m,3.3,53,
Good Neighbours,Horror,1h 24m,3.0,192,
Spithood,Horror,58m,5.4,1.1K,
Mountain Shark,Horror,1h 21m,3.5,158,
Trinil,Horror,1h 45m,4.5,379,
Effigy,Horror,1h 18m,2.8,265,
Mona: Jinn-2,Horror,2h 4m,4.3,128,
Cadi,Horror,2h 14m,6.3,4.4K,
Scared Shitless,Horror,1h 16m,6.1,228,
Killer Influence,Horror,1h 24m,2.6,332,
Shark Island,Horror,1h 21m,3.0,138,
Jugaremos en el bosque,Horror,1h 30m,4.9,103,
The Backrooms,Horror,1h 3m,8.2,16,
Vertical,Horror,1h 51m,5.2,148,
Family,Horror,1h 35m,6.8,33,
9 Windows,Horror,1h 22m,3.6,329,
Thine Ears Shall Bleed,Horror,1h 42m,6.2,1.1K,
Kromoleo,Horror,1h 20m,3.9,271,
La Patasola,Horror,1h 32m,2.7,99,
Solvent,Horror,1h 34m,7.2,459,
Geethanjali Malli Vachindi,Horror,2h 24m,4.8,2.2K,
Remnant,Horror,1h 52m,2.6,334,
Tenants,Horror,1h 34m,4.3,127,
Bag of Lies,Horror,1h 36m,3.8,601,
The American Backyard,Horror,1h 47m,6.1,210,
Hide and Seek,Horror,1h 24m,4.9,162,
Camp Blood: Clown Shark,Horror,1h 10m,3.3,96,
Deadly Retreat,Horror,46m,4.8,113,
Kuang Bao Ju Xi,Horror,1h 15m,5.5,94,
Ghost Island,Horror,1h 35m,7.1,57,
The Cellar,Horror,1h 25m,5.8,174,
Malice,Horror,1h 34m,2.7,45,
SinÉl,Horror,1h 12m,5.5,17,
In Search of Darkness 1990-1994: A Journey Into Iconic '90s Horror,Horror,6h 3m,8.0,165,
Father's Haunted House,Horror,1h 33m,5.9,360,
Z-Mom,Horror,1h 30m,4.9,47,
Water Horse,Horror,1h 25m,5.0,262,
A Wedding Story,Horror,1h 50m,6.0,2.8K,
"Nanay, tatay",Horror,2h,6.9,72,
Staycation,Horror,1h 34m,7.2,120,
The Blackwell Ghost 8,Horror,1h 9m,6.1,419,
The Prodigy,Horror,1h 23m,4.6,38,
Temurun,Horror,1h 26m,4.6,360,
Liu mang qu mo shi,Horror,1h 44m,5.6,56,
All That Remains,Horror,1h 10m,6.1,25,
Book of the Dead,Horror,1h 30m,5.4,79,
Ladybug,Horror,1h 47m,5.5,34,
Ship of the Damned,Horror,1h 28m,2.8,311,
El instinto,Horror,1h 32m,6.6,123,
Purgatory Station,Horror,1h 49m,3.2,59,
Death Streamer,Horror,1h 12m,3.0,236,
My Redneck Neighbor: Chapter 2 - Let the Games Begin,Horror,55m,5.7,11,
Space Sharks,Horror,1h 10m,1.5,332,
Silence of the Prey,Horror,1h 37m,3.8,302,
1. Eden,,2h,6.4,, (3K)
2. Nosferatu,,2h 12m,7.2,, (214K)
3. Riff Raff,,1h 43m,5.6,, (4.5K)
4. The Life of Chuck,,1h 51m,7.7,, (8K)
5. Heretic,,1h 51m,7.0,, (166K)
6. Gladiator II,,2h 28m,6.5,, (257K)
7. Anora,,2h 19m,7.5,, (208K)
8. The Surfer,,1h 40m,6.0,, (10K)
9. Wicked,,2h 40m,7.4,, (171K)
10. We Live in Time,,1h 48m,7.0,, (57K)
11. The Substance,,2h 21m,7.2,, (322K)
12. Friendship,,1h 40m,7.0,, (14K)
13. Mon Potongo,,2h 29m,4.7,, (695)
14. The Brutalist,,3h 36m,7.3,, (95K)
15. William Tell,,2h 14m,5.7,, (3.4K)
16. A Complete Unknown,,2h 21m,7.3,, (94K)
17. Dune: Part Two,,2h 46m,8.5,, (646K)
18. Twisters,,2h 2m,6.5,, (177K)
19. Kraven the Hunter,,2h 7m,5.5,, (65K)
20. The Wild Robot,,1h 42m,8.2,, (185K)
21. Conclave,,2h,7.4,, (207K)
22. Babygirl,,1h 54m,5.8,, (64K)
23. The Order,,1h 56m,6.8,, (50K)
24. Deadpool & Wolverine,,2h 8m,7.5,, (510K)
25. 40 Acres,,1h 53m,7.1,, (656)
26. The Ministry of Ungentlemanly Warfare,,2h 2m,6.8,, (140K)
27. Furiosa: A Mad Max Saga,,2h 28m,7.5,, (293K)
28. Speak No Evil,,1h 50m,6.8,, (112K)
29. The Beekeeper,,1h 45m,6.3,, (163K)
30. I'm Still Here,,2h 17m,8.2,, (114K)
31. Sonic the Hedgehog 3,,1h 50m,6.9,, (66K)
32. Carry-On,,1h 59m,6.5,, (173K)
33. The Rule of Jenny Pen,,1h 44m,6.2,, (6.3K)
34. Presence,,1h 24m,6.1,, (30K)
35. Civil War,,1h 49m,7.0,, (245K)
36. Juror #2,,1h 54m,7.0,, (106K)
37. Flow,,1h 25m,7.9,, (86K)
38. The Fall Guy,,2h 6m,6.8,, (228K)
39. Monster Summer,,1h 37m,5.7,, (4.5K)
40. Wolfs,,1h 48m,6.5,, (89K)
41. Longlegs,,1h 41m,6.6,, (195K)
42. A Real Pain,,1h 30m,7.1,, (106K)
43. Pune Highway,,2h 1m,5.2,, (175)
44. Alien: Romulus,,1h 59m,7.1,, (255K)
45. Fight or Flight,,1h 42m,6.4,, (15K)
46. Venom: The Last Dance,,1h 50m,6.0,, (132K)
47. The Count of Monte-Cristo,,2h 58m,7.6,, (38K)
48. Small Things Like These,,1h 38m,6.7,, (28K)
49. Mufasa: The Lion King,,1h 58m,6.6,, (72K)
50. Moana 2,,1h 40m,6.5,, (110K)
Wicked,Romance,2h 40m,7.4,174K,
We Live in Time,Romance,1h 48m,7.0,59K,
Babygirl,Romance,1h 54m,5.8,65K,
It Ends with Us,Romance,2h 10m,6.3,90K,
On Swift Horses,Romance,1h 59m,6.0,2.7K,
Queer,Romance,2h 17m,6.4,24K,
Love Lies Bleeding,Romance,1h 44m,6.6,59K,
Mon Potongo,Romance,2h 29m,4.7,759,
All We Imagine as Light,Romance,1h 58m,7.1,11K,
Bonjour Tristesse,Romance,1h 50m,5.8,576,
Young Hearts,Romance,1h 39m,7.9,6K,
Emmanuelle,Romance,1h 47m,4.1,2K,
Culpa Tuya,Romance,1h 58m,5.2,14K,
Spaceman,Romance,1h 47m,5.7,44K,
Turtles All the Way Down,Romance,1h 51m,6.6,7.6K,
Young Woman and the Sea,Romance,2h 9m,7.5,18K,
Ask Me What You Want,Romance,1h 54m,3.9,1.3K,
Dreams (Sex Love),Romance,1h 50m,7.6,934,
Love Across Time,Romance,1h,7.1,866,
Winter Spring Summer or Fall,Romance,1h 37m,6.0,3.2K,
Lonely Planet,Romance,1h 34m,5.7,12K,
Love Me,Romance,1h 31m,5.1,3.1K,
Love Li,Romance,2h 48m,6.4,14K,
Girls Will Be Girls,Romance,1h 58m,7.1,2.8K,
Lick,Romance,1h 15m,6.1,1K,
Daniela Forever,Romance,1h 53m,5.9,381,
Sidelined: The QB and Me,Romance,1h 39m,5.9,4.2K,
Touch,Romance,2h 1m,7.4,6K,
Before We Forget,Romance,1h 48m,7.5,156,
Killer Heat,Romance,1h 35m,5.6,14K,
The Tearsmith,Romance,1h 43m,5.2,13K,
La Cocina,Romance,2h 19m,7.1,3.8K,
Someone Like You,Romance,1h 58m,5.9,2.4K,
Beating Hearts,Romance,2h 46m,7.0,6.2K,
Love,Romance,1h 59m,7.3,616,
Loveable,Romance,1h 41m,7.7,2.8K,
Lilies Not for Me,Romance,1h 39m,7.0,740,
Private Tutor,Romance,1h 5m,4.8,243,
Girl Haunts Boy,Romance,1h 40m,6.3,3.4K,
Take My Hand,Romance,1h 42m,6.2,365,
Uranus 2324,Romance,2h 10m,6.4,5K,
Sex,Romance,1h 58m,6.6,1.5K,
Wanted: Girlfriend,Romance,49m,4.2,239,
The Family Star,Romance,2h 39m,5.4,5.7K,
High Tide,Romance,1h 41m,6.4,816,
Addition,Romance,1h 31m,8.4,34,
Hear Me: Our Summer,Romance,1h 49m,7.5,981,
Qalb,Romance,2h 27m,6.5,2.4K,
Grand Tour,Romance,2h 9m,6.5,2.2K,
Eks,Romance,2h 1m,4.5,214,
From Contract Lover to the Billionaire's Bride,Romance,1h 24m,6.8,566,
Drawing Closer,Romance,1h 58m,7.6,2.8K,
The Glassworker,Romance,1h 38m,7.2,2K,
Rasavathi,Romance,2h 28m,6.4,598,
5lbs of Pressure,Romance,1h 51m,5.2,1.8K,
Mor Chhainha Bhuinya 2,Romance,2h 40m,7.2,132,
0000 Kilometre,Romance,1h 50m,2.7,296,
Freedom,Romance,1h 50m,5.9,1.5K,
Amar Singh Chamkila,Romance,2h 25m,7.8,17K,
Silent Love,Romance,1h 56m,6.4,444,
3391 Kilometres,Romance,1h 50m,4.3,1.3K,
Stag,Romance,1h 27m,4.6,477,
18×2 Beyond Youthful Days,Romance,2h 3m,7.3,2.1K,
Intoxicated by Love,Romance,1h 58m,8.5,14K,
Blue Sun Palace,Romance,1h 56m,6.6,237,
Detective Conan: The Million-Dollar Pentagram,Romance,1h 51m,6.7,1.6K,
Futra Days,Romance,1h 39m,4.2,166,
Black Tea,Romance,1h 50m,5.2,625,
Romance on the Ranch,Romance,1h 28m,6.8,428,
Dandelion,Romance,1h 53m,5.3,422,
Given 3: To the Sea,Romance,1h 20m,7.5,171,
Siddharth Roy,Romance,2h 28m,6.3,2.9K,
"April, Come She Will",Romance,1h 48m,6.2,471,
Mai,Romance,2h 11m,6.8,1.6K,
First Taste,Romance,1h 37m,4.1,324,
Auron Mein Kahan Dum Tha,Romance,2h 30m,6.4,41K,
The Air He Breathes,Romance,1h 46m,6.5,444,
Art of Love,Romance,1h 39m,4.6,2.5K,
Phir Aayi Hasseen Dillruba,Romance,2h 12m,5.8,7K,
Here Now,Romance,1h 58m,4.9,491,
My Name Is Loh Kiwan,Romance,2h 11m,6.7,4.5K,
Come Closer,Romance,1h 47m,6.9,301,
Chanchal Haseena,Romance,1h 38m,7.3,39,
Christmas in the Spotlight,Romance,1h 27m,5.7,685,
Krista,Romance,58m,5.5,61,
A '90s Christmas,Romance,1h 30m,6.0,1.2K,
A True Gentleman,Romance,1h 50m,4.5,2.3K,
Valley of the Shadow of Death,Romance,1h 24m,6.5,87,
El Hawa Sultan,Romance,2h 16m,6.5,894,
Tendaberry,Romance,1h 55m,6.4,283,
The Glory of Life,Romance,1h 38m,6.6,472,
Rajkumar,Romance,2h 25m,7.4,2.8K,
The Umesh Chronicles,Romance,2h 4m,8.5,17,
Saint Nick of Bethlehem,Romance,1h 33m,8.9,104,
Ashes,Romance,1h 40m,4.3,2.7K,
Savi,Romance,2h 6m,6.1,35K,
Romeo,Romance,2h 30m,6.0,1.4K,
Ipar Adalah Maut,Romance,2h 11m,7.0,1.3K,
Across the Sea,Romance,1h 52m,6.4,103,
Why Do You?,Romance,1h 43m,5.3,482,
Angithee 3,Romance,1h 39m,8.1,64,
Música,Romance,1h 31m,6.4,5.1K,
Perfect Match,Romance,1h 41m,6.6,369,
Plan B,Romance,1h 30m,6.0,1.4K,
Love Switch,Romance,1h 29m,6.1,285,
Bachhala Malli,Romance,2h 20m,8.2,4K,
Ibbani Tabbida Ileyali,Romance,2h 40m,7.4,881,
Haunted Heart,Romance,2h 8m,4.7,529,
"Love, Divided",Romance,1h 38m,6.0,4.8K,
Ek Anjaan Rishtey Ka Guilt 3,Romance,1h 44m,7.9,71,
Seven Seas Seven Hills,Romance,1h 30m,8.6,101,
Guilty Pleasure,Romance,1h 59m,4.7,178,
"Hello, Love, Again",Romance,2h 2m,6.7,956,
Sex Love Venice,Romance,1h 42m,4.3,373,
Still Fabulous,Romance,1h 32m,4.9,883,
Tillu Square,Romance,2h 17m,6.6,3.5K,
Pantaskah Aku Berhijab,Romance,1h 54m,7.9,84,
The Swedish Torpedo,Romance,2h,6.0,298,
Another End,Romance,1h 59m,6.4,858,
Good Bad Things,Romance,1h 36m,5.8,242,
Undergrads,Romance,1h 6m,5.1,65,
Darkest Miriam,Romance,1h 27m,5.8,335,
Miss You,Romance,2h 8m,6.1,3.2K,
Love at 39 Degrees,Romance,1h 55m,5.6,1.5K,
A Merry Royal Christmas,Romance,1h 28m,5.4,168,
Mr. Bachchan,Romance,2h 30m,3.6,5.3K,
Langue Étrangère,Romance,1h 41m,6.6,591,
Honeymoonish,Romance,1h 40m,5.3,1.6K,
Love Story,Romance,2h 5m,5.4,444,
Love Reddy,Romance,2h 18m,8.0,2.3K,
Previously Saved Version,Romance,1h 57m,5.5,473,
The Groomsmen Last Dance,Romance,1h 24m,6.9,385,
Perfect Endings,Romance,1h 40m,5.6,237,
Jatt & Juliet 3,Romance,2h 15m,5.3,1.9K,
Karma's a Bitch,Romance,1h 29m,4.7,46,
Trisha on the Rocks,Romance,2h 52m,5.3,3K,
Aichaku,Romance,1h 58m,6.8,416,
The Groomsmen: First Look,Romance,1h 22m,6.1,416,
X & Y,Romance,1h 41m,8.1,17,
The Holiday Exchange,Romance,1h 30m,5.6,427,
Paalum Pazhavum,Romance,2h 27m,4.9,194,
DeAr,Romance,2h 12m,5.2,1.7K,
Gone Running,Romance,1h 45m,7.0,4.5K,
"Love, Wine & Salt: A Tuscan Romance",Romance,1h 20m,5.3,70,
The Private Eye,Romance,1h 55m,3.7,164,
Raseeli Raatein,Romance,1h 31m,6.7,12,
Los pequeños amores,Romance,1h 35m,6.3,405,
Viva La Vida,Romance,2h 10m,7.6,893,
Umjolo: The Gone Girl,Romance,1h 32m,4.4,290,
Mascarpone: The Rainbow Cake,Romance,1h 45m,6.1,558,
Season of Love,Romance,2h 6m,5.0,433,
Layla,Romance,1h 40m,6.1,480,
Chijin no ai,Romance,1h 45m,8.0,11,
Stranded Pearl,Romance,1h 30m,5.3,35,
"Love, Sitara",Romance,1h 45m,5.3,310,
Reloaded 2,Romance,45m,7.5,1.2K,
Fake Boyfriend,Romance,1h 55m,9.0,18,
Goyo,Romance,1h 46m,6.6,2.3K,
She Taught Love,Romance,1h 42m,5.3,429,
Passport to Love,Romance,1h 28m,6.2,432,
"LSD 2: Love, Sex Aur Dhokha 2",Romance,1h 59m,3.8,2.8K,
Maybe Forever,Romance,1h 11m,5.8,104,
Elevator,Romance,1h 35m,5.2,190,
Bigayan,Romance,43m,6.2,46,
A Circus Tale & a Love Song,Romance,1h 54m,5.9,114,
Dilan 1983,Romance,1h 56m,6.3,248,
Pure Love,Romance,1h 49m,7.1,205,
Svemu dodje kraj,Romance,1h 29m,6.4,375,
Love Lies,Romance,1h 54m,7.0,402,
Reversi,Romance,2h 15m,7.0,313,
The Great Gujarati Matrimony,Romance,2h 24m,7.6,96,
Kaaduvetty,Romance,2h 37m,3.2,149,
The Best Friend,Romance,1h 36m,6.4,152,
Meet Me in Rome,Romance,1h 25m,5.2,696,
El Roomie,Romance,1h 39m,5.8,317,
Amar Prem Ki Prem Kahani,Romance,1h 57m,4.5,676,
Roti Kapda Romance,Romance,2h 33m,5.9,2.5K,
Marry Christmas,Romance,1h 25m,6.3,67,
The Groomsmen: Second Chances,Romance,1h 24m,6.1,475,
Honeko Akabane's Bodyguards,Romance,1h 57m,6.0,51,
Breakup Season,Romance,1h 42m,6.2,613,
Happiness Is,Romance,1h 36m,3.8,309,
Sevmek Yüzünden,Romance,1h 44m,3.5,668,
No Pressure,Romance,1h 51m,5.1,1.1K,
Ancika,Romance,1h 40m,6.8,824,
Un/Happy for You,Romance,1h 50m,5.7,422,
A Soldier for Christmas,Romance,1h 31m,8.2,8,
In Good Hands 2,Romance,1h 39m,5.3,1K,
Love Unlike in K-Dramas,Romance,1h 58m,6.5,149,
He Loves Me Not,Romance,1h 37m,6.8,55,
Holiday for Hire,Romance,1h 24m,5.8,197,
Love Syndrome: The Beginning,Romance,1h 30m,6.1,68,
A European Christmas,Romance,1h 30m,4.7,199,
L'heureuse élue,Romance,1h 31m,5.5,386,
Rose Rosy Te Gulab,Romance,2h 15m,5.8,320,
Teasing Master Takagi-san Movie,Romance,1h 59m,6.6,369,
Aaram Aravinda Swamy,Romance,2h 12m,9.3,331,
The Silence of Marcos Tremmer,Romance,1h 52m,5.9,198,
Pasutri Gaje,Romance,1h 49m,6.0,359,
The Christmas Brew,Romance,1h 29m,5.4,155,
Fruitcake,Romance,1h 37m,5.3,170,
Given the Movie: Hiiragi Mix,Romance,1h 10m,7.6,246,
Lyubvi ne byvaet?,Romance,1h 45m,5.4,167,
"Walter, Grace & The Submarine",Romance,1h 40m,9.3,8,
Heavens x Candy,Romance,1h 10m,6.1,53,
Sihinayaki Adare,Romance,2h 30m,6.5,200,
Switch Up,Romance,1h 45m,8.6,30,
Beauty and the Billionaire: Bali,Romance,1h 31m,5.8,239,
Dying Briefly,Romance,1h 18m,5.9,58,
Samana Sunrise,Romance,1h 40m,5.0,260,
Yuva,Romance,2h 33m,5.7,854,
Pon Ondru Kanden,Romance,2h,5.6,287,
The Holiday Club,Romance,1h 28m,6.6,399,
Love... Reconsidered,Romance,1h 28m,4.1,142,
Forbidden Love,Romance,1h 36m,7.8,31,
Letters at Christmas,Romance,1h 24m,3.6,183,
Éden & Charlie,Romance,45m,7.7,16,
Anyone But Her,Romance,1h 33m,4.9,295,
Black Owner and Horny College Girls,Romance,1h 5m,3.6,10,
Letuchiy korabl,Romance,1h 40m,3.4,394,
O2,Romance,1h 45m,6.6,8.1K,
Love Is Never on Time,Romance,1h 50m,8.6,75,
Murphy,Romance,2h 16m,7.0,2.4K,
Kisko Tha Pata,Romance,2h 15m,6.9,21,
Alterlove,Romance,1h 30m,7.8,15,
Kupu-Kupu Kertas,Romance,1h 53m,6.5,225,
Kill Me If You Dare,Romance,1h 34m,4.6,1.4K,
Oshana,Romance,2h 29m,5.7,800,
Amaltash,Romance,1h 53m,8.1,160,
Azzamine,Romance,1h 44m,7.0,121,
The Time of Fever,Romance,1h 41m,8.0,757,
C4 Cinta,Romance,2h 47m,7.4,158,
The Proud Princess,Romance,1h 24m,6.4,150,
Sicilian Holiday,Romance,1h 42m,4.9,24,
Sweet Summer Love,Romance,1h 30m,6.6,76,
We Are Faheem & Karun,Romance,1h 21m,9.0,80,
A Toast to Love,Romance,1h 29m,5.7,153,
Albany Road,Romance,2h 15m,7.8,118,
Kacher Manush Dure Thuiya,Romance,2h 24m,7.8,1.2K,
Lobola Man,Romance,1h 48m,4.5,216,
Game On,Romance,2h 20m,5.2,2.3K,
Heartbreak Motel,Romance,1h 55m,7.0,321,
Him,Romance,1h 20m,7.4,32,
Christmas on the Ranch,Romance,1h 26m,6.1,140,
Joli joli,Romance,1h 56m,5.5,148,
Paper Flowers,Romance,1h 40m,8.5,37,
The Lifeguards,Romance,1h 47m,3.7,147,
Hold Me Close,Romance,1h 38m,4.8,77,
"María, Me Muero",Romance,1h 33m,5.2,123,
Prabuthwa Junior Kalashala,Romance,2h 11m,7.0,2.1K,
À toute allure,Romance,1h 26m,5.4,239,
Shrek 5: The Contract - A Fan Made Film,Romance,1h 24m,7.4,22,
Alaap,Romance,2h 25m,6.5,151,
One Night in Tokyo,Romance,1h 35m,7.1,93,
The Heartbreak Agency,Romance,1h 34m,5.3,747,
Lady Outlaw,Romance,1h 44m,6.6,26,
Ahl Al Kahf,Romance,2h,5.3,296,
"Aku Jati, Aku Asperger",Romance,1h 28m,7.6,95,
Last Song for You,Romance,1h 46m,7.0,111,
PAPmusic - Animation for Fashion,Romance,1h 25m,1.1,198,
Meeting Ms. Leigh,Romance,1h 57m,8.8,82,
Love You to Debt,Romance,2h 15m,6.2,778,
Sureshinteyum Sumalathayudeyum Hridayahariyaya Pranayakatha,Romance,2h 18m,6.0,85,
Books & Drinks,Romance,1h 34m,5.1,155,
"It's So Big It Hurts, Black Oppa",Romance,1h 1m,5.6,11,
Christmas at Plumhill Manor,Romance,1h 27m,6.1,509,
Moments We Shared,Romance,2h 11m,5.3,134,
A Heart for Christmas,Romance,1h 31m,7.6,102,
The Architecture of Love,Romance,1h 50m,6.9,519,
Midwinter,Romance,1h 35m,6.5,60,
Verliefd op Bali,Romance,1h 53m,5.0,338,
Momma's Boy,Romance,1h 45m,3.8,49,
Dreaming of You,Romance,1h 35m,8.4,63,
Christmas in Lagos,Romance,2h,4.7,182,
A Christmas of Wonders,Romance,1h 26m,4.9,131,
Shooting My Life's Script,Romance,1h 35m,6.2,344,
Umjolo: Day Ones,Romance,1h 26m,4.2,167,
A Brooklyn Love Story,Romance,1h 47m,5.3,116,
That Kind of Love,Romance,2h 16m,5.7,340,
Dhruvathaare,Romance,2h 45m,8.0,649,
Onegin,Romance,2h 21m,7.0,1.2K,
Young Lion of the West,Romance,1h 33m,5.3,110,
Premalo,Romance,2h 8m,7.3,1.1K,
Soft Love,Romance,1h 54m,6.8,42,
Perdiendo el Juicio,Romance,1h 30m,7.7,21,
Jingle Bell Love,Romance,1h 21m,6.1,224,
Little Hearts,Romance,2h 16m,5.9,2.6K,
Matters of the Heart,Romance,1h 50m,6.8,319,
In the Summer Rain,Romance,2h 9m,6.2,21,
Life is Filled with So Much of You,Romance,1h 39m,7.2,78,
Morando com o Crush,Romance,1h 30m,5.5,190,
My Boyfriend Is a Sex Worker,Romance,50m,5.4,17,
Ma chi ti conosce,Romance,1h 45m,5.8,146,
What Happened in My Black Boyfriend's Room,Romance,1h 2m,5.4,11,
Sign Here,Romance,1h 40m,6.2,255,
Maple Leaf Dreams,Romance,1h 41m,4.8,138,
Future Date,Romance,1h 22m,5.6,133,
My Sassy Girl,Romance,1h 57m,5.1,149,
Royal Façade,Romance,1h 35m,8.4,60,
The Little Things,Romance,1h 30m,7.8,44,
A Christmas Dream,Romance,1h 34m,4.9,54,
Powder Pup,Romance,1h 29m,6.0,84,
Throuple,Romance,1h 32m,6.4,75,
The Mediterranean Sea,Romance,1h 48m,7.2,99,
Boys on Film 24: Happy Endings,Romance,2h 54m,7.0,29,
Juni,Romance,2h 18m,7.3,227,
Pool & Party,Romance,1h 30m,2.7,270,
You Are Not Alone,Romance,1h 45m,6.0,77,
My Zombabe,Romance,1h 45m,5.0,94,
Die Ironie des Lebens,Romance,1h 49m,6.6,79,
Kuch Sapney Apne,Romance,2h,8.1,57,
Ben and Suzanne: A Reunion in 4 Parts,Romance,1h 49m,8.5,29,
Yesterday Is Almost Here,Romance,1h 32m,8.1,11,
Love Stuck,Romance,1h 56m,5.7,165,
Yumi's Cells: The Movie,Romance,1h 33m,6.3,55,
Benaam Rishta,Romance,1h 30m,6.9,12,
"Goodbye, Farewell",Romance,1h 49m,7.8,14,
Mi Ilustrísimo Amigo,Romance,1h 20m,9.8,5,
Writing a Love Song,Romance,1h 25m,6.7,195,
Election,Romance,2h,5.8,806,
Hong lou meng,Romance,2h,5.0,36,
Bad Boy in Love,Romance,1h 31m,8.8,22,
A Bluegrass Christmas,Romance,1h 24m,6.0,248,
"Aire, Just Breathe",Romance,1h 38m,4.7,206,
I Am the Secret in Your Heart,Romance,1h 52m,6.1,226,
Günesi Söndürmem Gerek,Romance,1h 45m,3.5,212,
Our Church Thinks We're Dating,Romance,1h 42m,7.3,62,
Your 1/2 of the Rent,Romance,1h 45m,7.2,20,
Sihina Nelum Mal,Romance,1h 45m,7.9,37,
Mann Behka,Romance,1h 17m,9.4,8,
Komandir,Romance,2h 11m,6.3,537,
Take Good Care,Romance,1h 41m,5.7,7,
Under Parallel Skies,Romance,1h 50m,5.7,861,
Poppay Ki Wedding,Romance,2h 7m,8.8,78,
Hrashwo Deergha,Romance,2h 30m,7.8,107,
36-24-36,Romance,1h 58m,6.0,246,
Double Blended,Romance,1h 27m,5.4,57,
Joy of Horses,Romance,1h 30m,5.5,179,
Explosions in My Heart,Romance,1h 45m,6.6,49,
"Chances Are, You and I",Romance,2h 12m,6.0,152,
Honeymoon Express,Romance,1h 58m,6.8,2.1K,
Heart Strings,Romance,1h 47m,5.5,13,
Ibiza Dark,Romance,1h 35m,8.5,19,
Once Upon A Love Story,Romance,2h 15m,7.5,86,
Last Defenders of Monogamy,Romance,1h 24m,5.3,404,
Inheritance to Love,Romance,1h 28m,9.1,33,
Emakku Thozhil Romance,Romance,1h 51m,4.8,132,
Visal Adare,Romance,2h,6.1,153,
Dinda,Romance,1h 34m,6.7,45,
Neath's Love Story,Romance,1h 46m,7.7,53,
Noche De Bodas,Romance,1h 30m,4.5,244,
Mafia Temptation,Romance,1h 22m,8.4,8,
Vidya Vasula Aham,Romance,1h 42m,6.5,93,
14 Days Love,Romance,1h 52m,6.4,12,
On the Market,Romance,1h 35m,5.7,11,
The Mercedes Story: A Troubled Soul,Romance,2h 8m,7.6,21,
Kajolrekha,Romance,2h 36m,6.3,198,
"Till Then, Hanna!",Romance,1h 50m,6.2,317,
The Gift That Gives,Romance,1h 21m,5.7,76,
The Choice,Romance,40m,9.5,8,
Choices,Romance,1h 27m,5.1,9,
Yo no soy esa,Romance,1h 35m,4.9,295,
Gili Gili Raat,Romance,1h 33m,5.7,12,
Hani,Romance,1h 13m,7.7,7,
Khwaabon Ka Jhamela,Romance,1h 53m,5.4,113,
Who Wants to Marry an Astronaut?,Romance,1h 34m,6.9,19,
Nikdo me nemá rád,Romance,1h 24m,5.6,47,
Amo-te Imenso,Romance,1h 27m,5.8,92,
Rokjesnacht,Romance,1h 35m,4.8,243,
¿Vienes o Voy?,Romance,1h 34m,6.7,19,
How to Make Love,Romance,1h 5m,2.8,12,
Skinny Love,Romance,1h 32m,5.6,136,
Looking for Dr. Love,Romance,1h 25m,6.0,136,
Usha Parinayam,Romance,2h 24m,9.0,2.1K,
Traces of Love,Romance,1h 45m,6.5,926,
I Love You 2,Romance,2h 40m,8.2,176,
Ondu Sarala Prema Kathe,Romance,2h 29m,7.5,724,
Ciao bambino,Romance,1h 40m,6.7,93,
Oru Kattil Oru Muri,Romance,2h 5m,4.6,64,
Jee Ve Sohneya Jee,Romance,2h 21m,6.6,263,
The Sweet Life,Romance,1h 41m,5.4,69,
Three Secrets,Romance,1h 32m,4.1,53,
Kanni,Romance,2h 2m,8.3,154,
Apaixonada,Romance,1h 35m,4.2,146,
Land of Broken Hearts,Romance,1h 40m,6.3,218,
Daghabaaz Dil,Romance,2h 3m,6.6,73,
Ienai Himitsu,Romance,1h 55m,6.7,81,
Gecenin Nakarati,Romance,1h 44m,6.9,30,
Mendung tanpo udan,Romance,1h 41m,6.4,26,
Video Vision,Romance,1h 18m,5.8,20,
Morena,Romance,1h 46m,5.4,130,
Parahuna 2,Romance,1h 55m,6.6,86,
Petta Rap,Romance,2h 3m,4.0,1.7K,
On+Ona,Romance,1h 33m,7.4,15,
Lyubov Sovetskogo Soyuza,Romance,2h 30m,5.1,298,
A Soweto Love Story,Romance,1h 41m,4.4,288,
Hope's Hollywood Christmas,Romance,1h 30m,8.4,33,
Maru Mann Taru Thayu,Romance,2h 33m,7.5,23,
Hidden Flora,Romance,1h 33m,7.0,20,
Assisting Venus,Romance,1h 40m,6.2,27,
Elle & lui & le reste du monde,Romance,1h 25m,5.8,114,
Mi Perfecto Ex,Romance,1h 23m,7.6,19,
A Thousand Faces,Romance,1h 25m,8.7,139,
8 Views of Lake Biwa,Romance,2h 6m,5.2,134,
Babli,Romance,2h 14m,6.8,571,
Yolki 11,Romance,1h 32m,4.7,185,
Atashi no!,Romance,1h 42m,7.4,6,
Table for Six 2,Romance,2h 13m,5.4,334,
Christmas Overtime,Romance,1h 32m,5.6,27,
Pretty Boys,Romance,1h 7m,5.4,35,
Welcome to My Side,Romance,1h 42m,6.9,106,
Zyat,Romance,1h 20m,4.3,118,
Rabb Da Radio 3,Romance,2h 2m,7.3,8,
"Dao, Pho Va Piano",Romance,1h 40m,5.7,216,
Olivia & the Clouds,Romance,1h 21m,7.3,62,
Teriyaan Meriyaan Hera Pheriyan,Romance,2h 5m,6.7,77,
I Brake for Caterpillars,Romance,1h 33m,4.0,33,
Nado snimat filmy o lyubvi,Romance,1h 13m,7.3,41,
Buk Poketer Golpo,Romance,1h 35m,7.9,233,
Yeni Hayat,Romance,2h 12m,2.8,40,
Uang Panai' 2 Maha(r)l,Romance,1h 46m,7.6,45,
Booking,Romance,29m,7.6,67,
The Property,Romance,1h 50m,7.5,73,
Do I Shock U Like Lightning,Romance,1h 37m,8.5,27,
Valentine's Town,Romance,1h 24m,5.2,204,
Deyaler Desh,Romance,2h 19m,7.2,182,
Addy Daddy,Romance,1h 58m,7.4,31,
Adam i Eva,Romance,1h 35m,5.0,98,
Life Hotel,Romance,1h 58m,6.6,158,
Kagojer Bou,Romance,1h 52m,5.6,32,
Le beau rôle,Romance,1h 24m,6.3,111,
Boda Love,Romance,1h 47m,7.6,23,
Bar MoskvaChiki,Romance,1h 31m,5.0,107,
Coven of the Black Cube,Romance,1h 37m,7.2,28,
Love Mocktail 2,Romance,2h 20m,8.8,3.1K,
A Mountain Between Us,Romance,1h 29m,5.3,34,
40,Romance,1h 43m,4.7,27,
Hi Anokhi Gaath,Romance,2h 6m,6.8,84,
Bed & Breakfast,Romance,1h 23m,6.1,222,
Mercy Killing,Romance,2h 11m,8.7,2.7K,
Every You Every Me,Romance,1h 48m,6.5,151,
Konjam Pesinaal Yenna,Romance,1h 52m,7.1,68,
SottoCoperta,Romance,1h 36m,7.5,85,
Funmilayo Ransome-Kuti,Romance,1h 31m,8.5,101,
Buzzy Noise,Romance,1h 59m,6.0,61,
Maaya Ka Moh,Romance,1h 30m,3.7,17,
Ye xiao nü sheng,Romance,1h 50m,7.1,52,
Hell City,Romance,1h 30m,9.1,28,
Stalker,Romance,1h 31m,2.7,11,
Dhaaak,Romance,2h 8m,8.6,24,
The Love Buzz,Romance,1h 40m,5.7,170,
Bedtime Stories: Tales of Love and Hate,Romance,1h 5m,7.7,15,
Lyubov so vtorogo vzglyada,Romance,1h 37m,4.7,74,
Dukkhito,Romance,29m,7.4,69,
B4S: Truoc Gio Yeu,Romance,1h 37m,5.6,65,
Love at First Lie,Romance,1h 47m,4.3,39,
Ravikula Raghurama,Romance,1h 51m,7.9,2.1K,
DreadClub: Vampire's Verdict,Romance,1h 28m,4.5,64,
A Very Bayou Holiday,Romance,1h 27m,5.2,11,
This Is Not A Love Song,Romance,1h 12m,7.1,44,
All's Fair in Love,Romance,1h 55m,6.6,18,
Bienvenidos al paraíso,Romance,1h 40m,4.7,23,
Greice,Romance,1h 50m,6.9,137,
The Umbrella Fairy,Romance,1h 35m,5.7,62,
Listy do M. Pozegnania i powroty,Romance,2h 3m,5.9,341,
Goreyan Naal Lagdi Zameen Jatt Di,Romance,1h 48m,7.8,30,
Nie Xiaoqian,Romance,1h 52m,6.3,19,
ON i Ona,Romance,1h 30m,4.6,84,
Podrostki. Pervaya lyubov,Romance,1h 42m,5.8,61,
L'invenzione di noi due,Romance,1h 46m,4.8,40,
Vremya est!,Romance,1h 14m,5.6,12,
"Step Back, Doors Closing",Romance,1h 38m,9.0,41,
Dr. Jason II - Lights & Shadows,Romance,1h 2m,5.0,349,
Reeza GTR,Romance,1h 31m,6.9,16,
#OOTD: Outfit of the Designer,Romance,1h 47m,5.7,49,
To potami,Romance,1h 33m,6.4,22,
Hearts Creek,Romance,1h 30m,5.9,130,
Der Junge dem die Welt gehört,Romance,1h 36m,7.9,77,
Dil Kush,Romance,2h 15m,8.1,550,
Abhi,Romance,2h 15m,8.1,46,
My Own Normal,Romance,57m,8.0,7,
Jaunt,Romance,1h 18m,8.7,8,
Raju Gari Ammayi Naidu Gari Abbayi,Romance,2h 38m,8.2,3.1K,
Unarvugal Thodarkadhai,Romance,1h 51m,6.3,53,
Haunted Happy Hour,Romance,1h 29m,7.4,18,
Timing,Romance,2h 18m,7.6,66,
Chow Chow Bath,Romance,1h 50m,7.2,1.2K,
Lyod 3,Romance,2h 14m,6.0,317,
Youth in Trouble,Romance,1h 46m,7.8,28,
Eksie Perfeksie,Romance,1h 43m,6.4,22,
More na dvoikh,Romance,1h 22m,5.0,26,
Fragments of Us,Romance,49m,7.2,12,
Silent Sparks,Romance,1h 18m,6.1,66,
A Fragile Flower,Romance,1h 36m,7.9,1.6K,
Undying,Romance,26m,6.5,15,
Guxim,Romance,1h 15m,7.2,37,
Khoka Bhai Tama Pain: A Song Epic,Romance,2h 33m,8.8,161,
La piel en primavera,Romance,1h 40m,6.9,51,
Allahr Vres,Romance,2h 15m,8.2,18,
Tauba Tera Jalwa,Romance,2h 10m,5.4,17,
Omenavarkaat,Romance,1h 24m,7.0,210,
Zehan,Romance,1h 53m,5.0,28,
Suchana,Romance,1h 30m,8.7,511,
The Haunting of Lanquetot,Romance,1h 36m,3.7,10,
Because I Love Bad Weather,Romance,1h 40m,6.2,160,
Maunam,Romance,1h 46m,8.5,46,
A Wall Away,Romance,1h 30m,4.9,76,
Zorawar Di Jacqueline,Romance,2h 27m,5.7,1K,
Papu mame zaverni,Romance,1h 46m,3.6,72,
"Fallen Leaves, Broken Lighters",Romance,1h 36m,7.7,8,
La herencia de Flora,Romance,2h 14m,5.8,6,
If My Lover Were a Flower,Romance,1h 50m,8.7,9,
Surjo,Romance,2h 35m,7.8,14,
Cedo Demais,Romance,1h 30m,4.5,29,
Labyrinth,Romance,1h 40m,4.7,18,
Gharjwai,Romance,2h 14m,7.9,907,
Tochka opory,Romance,1h 41m,4.2,34,
For Regn,Romance,2h 20m,3.8,565,
Pithala Maathi,Romance,2h 20m,7.5,845,
Before Marriage,Romance,1h 52m,7.9,1.1K,
Pravo na levo,Romance,1h 28m,3.6,41,
Penguin Girl,Romance,1h 38m,6.2,20,
La Pura Vida,Romance,1h 29m,7.3,33,
Chetyre chetverti,Romance,2h 32m,7.8,12,
Licença para Enlouquecer,Romance,1h 35m,7.8,16,
Neath's Love Story 2,Romance,1h 28m,7.3,23,
Love Love,Romance,1h 1m,9.0,7,
10 Pasimatymu,Romance,1h 39m,5.7,31,
Keluar Main 1994,Romance,1h 52m,7.8,56,
Puang Bos!,Romance,1h 40m,8.4,12,
Bambara Wasanthe,Romance,1h 41m,7.5,6,
I 20,Romance,1h 54m,9.0,494,
Koi wo Shiranai Bokutachi wa,Romance,1h 51m,5.3,10,
Bewafa Darling,Romance,56m,8.7,15,
iKHlaas,Romance,50m,8.1,17,
Majnoo,Romance,2h 3m,9.6,61,
Apsara,Romance,2h 30m,6.8,34,
Lucky Heart,Romance,1h 30m,4.4,12,
Sangharshana,Romance,1h 42m,7.3,1.6K,
Forget Me Not,Romance,1h 29m,6.5,157,
Love Mouli,Romance,2h 26m,6.5,87,
Ayo Balikan,Romance,1h 26m,7.0,32,
Cedric & Alysia,Romance,1h 24m,5.3,52,
Fujimi Lovers,Romance,1h 43m,6.0,48,
