Title,Genre,Duration,Rating,Voting
Wicked,Romance,2h 40m,7.4,174K
Anora,Romance,2h 19m,7.5,211K
We Live in Time,Romance,1h 48m,7.0,59K
Babygirl,Romance,1h 54m,5.8,65K
The Fall Guy,Romance,2h 6m,6.8,229K
The Count of Monte-Cristo,Romance,2h 58m,7.6,38K
It Ends with Us,Romance,2h 10m,6.3,90K
Challengers,Romance,2h 11m,7.0,160K
The Idea of You,Romance,1h 55m,6.3,76K
Fly Me to the Moon,Romance,2h 12m,6.6,53K
Else,Romance,1h 42m,5.6,425
My Old Ass,Romance,1h 29m,6.9,42K
The Crow,Romance,1h 51m,4.7,37K
On Swift Horses,Romance,1h 59m,6.0,2.7K
Queer,Romance,2h 17m,6.4,24K
The Greatest Hits,Romance,1h 34m,6.2,7.8K
Love Lies Bleeding,Romance,1h 44m,6.6,59K
Mon Potongo,Romance,2h 29m,4.7,759
F*** Marry Kill,Romance,1h 37m,5.3,3.4K
All We Imagine as Light,Romance,1h 58m,7.1,11K
Bonjour Tristesse,Romance,1h 50m,5.8,576
A Family Affair,Romance,1h 51m,5.4,38K
A Nice Indian Boy,Romance,1h 36m,7.4,2.6K
Young Hearts,Romance,1h 39m,7.9,6K
Emmanuelle,Romance,1h 47m,4.1,2K
Culpa Tuya,Romance,1h 58m,5.2,14K
Spaceman,Romance,1h 47m,5.7,44K
Turtles All the Way Down,Romance,1h 51m,6.6,7.6K
Young Woman and the Sea,Romance,2h 9m,7.5,18K
Ask Me What You Want,Romance,1h 54m,3.9,1.3K
Dreams (Sex Love),Romance,1h 50m,7.6,934
Jane Austen Wrecked My Life,Romance,1h 38m,6.4,964
Love Across Time,Romance,1h,7.1,866
Winter Spring Summer or Fall,Romance,1h 37m,6.0,3.2K
Role Play,Romance,1h 40m,5.5,19K
Upgraded,Romance,1h 44m,6.1,31K
Lonely Planet,Romance,1h 34m,5.7,12K
Love Me,Romance,1h 31m,5.1,3.1K
Wild Wild Punjab,Romance,1h 49m,6.2,16K
Lisa Frankenstein,Romance,1h 41m,6.1,29K
Love Li,Romance,2h 48m,6.4,14K
Your Monster,Romance,1h 43m,6.4,6.5K
Went Up the Hill,Romance,1h 40m,6.6,94
Girls Will Be Girls,Romance,1h 58m,7.1,2.8K
Dan Da Dan: First Encounter,Romance,1h 23m,8.2,3.1K
Lick,Romance,1h 15m,6.1,1K
Daniela Forever,Romance,1h 53m,5.9,381
Sidelined: The QB and Me,Romance,1h 39m,5.9,4.2K
Touch,Romance,2h 1m,7.4,6K
Before We Forget,Romance,1h 48m,7.5,156
Premalu,Romance,2h 36m,7.8,21K
Mother of the Bride,Romance,1h 28m,4.8,17K
Kahan Shuru Kahan Khatam,Romance,1h 47m,6.1,3.3K
Killer Heat,Romance,1h 35m,5.6,14K
The Master and Margarita,Romance,2h 36m,7.2,5.1K
The Tearsmith,Romance,1h 43m,5.2,13K
La Cocina,Romance,2h 19m,7.1,3.8K
Die Alone,Romance,1h 30m,5.8,4.1K
Someone Like You,Romance,1h 58m,5.9,2.4K
Find Me Falling,Romance,1h 33m,6.3,13K
Grafted,Romance,1h 36m,5.6,2.7K
Beating Hearts,Romance,2h 46m,7.0,6.2K
Love,Romance,1h 59m,7.3,616
Loveable,Romance,1h 41m,7.7,2.8K
Lilies Not for Me,Romance,1h 39m,7.0,740
Private Tutor,Romance,1h 5m,4.8,243
My Favourite Cake,Romance,1h 37m,7.4,8K
Our Little Secret,Romance,1h 41m,5.7,24K
The Merry Gentlemen,Romance,1h 27m,4.8,10K
Super Happy Forever,Romance,1h 34m,6.8,364
Irish Wish,Romance,1h 33m,5.2,22K
Girl Haunts Boy,Romance,1h 40m,6.3,3.4K
Beautiful Wedding,Romance,1h 40m,4.1,4.4K
Take My Hand,Romance,1h 42m,6.2,365
Teri Baaton Mein Aisa Uljha Jiya,Romance,2h 21m,6.2,55K
The Astronaut Lovers,Romance,1h 56m,7.1,1K
Three Friends,Romance,1h 57m,6.6,892
Sunlight,Romance,1h 36m,7.6,42
Turn Me On,Romance,1h 39m,5.6,804
Uranus 2324,Romance,2h 10m,6.4,5K
Hot Frosty,Romance,1h 32m,5.3,15K
Sex,Romance,1h 58m,6.6,1.5K
Boot Camp,Romance,1h 34m,5.8,1.3K
Wanted: Girlfriend,Romance,49m,4.2,239
The Family Star,Romance,2h 39m,5.4,5.7K
Love in the Big City,Romance,1h 58m,7.4,1.8K
High Tide,Romance,1h 41m,6.4,816
Addition,Romance,1h 31m,8.4,34
Pedro Páramo,Romance,2h 10m,6.3,3.2K
Through My Window: Looking at You,Romance,1h 45m,5.5,5.6K
Hear Me: Our Summer,Romance,1h 49m,7.5,981
Qalb,Romance,2h 27m,6.5,2.4K
Do Aur Do Pyaar,Romance,2h 20m,6.4,12K
Players,Romance,1h 45m,5.7,12K
Grand Tour,Romance,2h 9m,6.5,2.2K
Eks,Romance,2h 1m,4.5,214
From Contract Lover to the Billionaire's Bride,Romance,1h 24m,6.8,566
Drawing Closer,Romance,1h 58m,7.6,2.8K
The Glassworker,Romance,1h 38m,7.2,2K
Rasavathi,Romance,2h 28m,6.4,598
Believe in Christmas,Romance,1h 30m,6.1,870
Ajosepo,Romance,2h 14m,8.8,72
Vulgar,Romance,1h 43m,5.4,205
5lbs of Pressure,Romance,1h 51m,5.2,1.8K
This Is Me... Now,Romance,1h 5m,4.1,7.2K
My Ex's Wedding,Romance,1h 35m,8.8,58
Bau: Artist at War,Romance,2h 10m,7.2,65
Mor Chhainha Bhuinya 2,Romance,2h 40m,7.2,132
This Time Next Year,Romance,1h 56m,5.6,2.4K
You Are the Apple of My Eye,Romance,1h 41m,6.8,3.8K
0000 Kilometre,Romance,1h 50m,2.7,296
White Snake: Afloat,Romance,2h 13m,6.9,593
Freedom,Romance,1h 50m,5.9,1.5K
The Best Christmas Pageant Ever,Romance,1h 39m,6.8,6.3K
Chosen Family,Romance,1h 28m,4.7,526
Amar Singh Chamkila,Romance,2h 25m,7.8,17K
The Dead Thing,Romance,1h 34m,4.7,1K
Murder Mubarak,Romance,2h 20m,5.8,51K
Timestalker,Romance,1h 29m,5.5,3.1K
N/A,Romance,N/A,N/A,N/A
Silent Love,Romance,1h 56m,6.4,444
Marmalade,Romance,1h 39m,6.3,3.8K
3391 Kilometres,Romance,1h 50m,4.3,1.3K
Drained,Romance,1h 47m,4.5,333
Her Seyin Basi Merkür,Romance,1h 45m,3.4,504
Stag,Romance,1h 27m,4.6,477
How to Date Billy Walsh,Romance,1h 38m,5.2,4K
18×2 Beyond Youthful Days,Romance,2h 3m,7.3,2.1K
Intoxicated by Love,Romance,1h 58m,8.5,14K
Swap,Romance,1h 26m,2.9,383
Blue Sun Palace,Romance,1h 56m,6.6,237
Zenithal,Romance,1h 20m,4.9,122
Detective Conan: The Million-Dollar Pentagram,Romance,1h 51m,6.7,1.6K
Gelin Takimi,Romance,1h 49m,3.9,6.5K
Futra Days,Romance,1h 39m,4.2,166
Black Tea,Romance,1h 50m,5.2,625
Romance on the Ranch,Romance,1h 28m,6.8,428
Dandelion,Romance,1h 53m,5.3,422
Given 3: To the Sea,Romance,1h 20m,7.5,171
Meet Me Next Christmas,Romance,1h 45m,5.7,8.7K
N/A,Romance,N/A,N/A,N/A
Five Blind Dates,Romance,1h 23m,5.1,2.1K
Queens of Drama,Romance,1h 54m,6.3,225
Blame the Game,Romance,1h 32m,5.4,5.4K
Siddharth Roy,Romance,2h 28m,6.3,2.9K
Varshangalkku Shesham,Romance,2h 46m,6.6,4.5K
"April, Come She Will",Romance,1h 48m,6.2,471
Mai,Romance,2h 11m,6.8,1.6K
First Taste,Romance,1h 37m,4.1,324
Auron Mein Kahan Dum Tha,Romance,2h 30m,6.4,41K
Cinderella's Curse,Romance,1h 22m,3.4,1.4K
The Air He Breathes,Romance,1h 46m,6.5,444
Art of Love,Romance,1h 39m,4.6,2.5K
Phir Aayi Hasseen Dillruba,Romance,2h 12m,5.8,7K
Here Now,Romance,1h 58m,4.9,491
Lesbian Space Princess,Romance,1h 27m,7.1,212
My Name Is Loh Kiwan,Romance,2h 11m,6.7,4.5K
N/A,Romance,N/A,N/A,N/A
Her Story,Romance,2h 3m,7.6,2K
The Southern Chronicles,Romance,2h,8.7,2.9K
Come Closer,Romance,1h 47m,6.9,301
Two to One,Romance,1h 56m,6.1,869
When in Rome,Romance,1h 38m,6.1,809
Chanchal Haseena,Romance,1h 38m,7.3,39
Christmas in the Spotlight,Romance,1h 27m,5.7,685
Krista,Romance,58m,5.5,61
My Future You,Romance,1h 49m,7.4,317
Wallbanger,Romance,1h 58m,5.6,750
We're All Gonna Die,Romance,1h 50m,5.7,177
A '90s Christmas,Romance,1h 30m,6.0,1.2K
A True Gentleman,Romance,1h 50m,4.5,2.3K
Mr. Manhattan,Romance,1h 50m,6.8,479
The Everything Pot,Romance,1h 30m,7.5,35
Valley of the Shadow of Death,Romance,1h 24m,6.5,87
Honey Money Phony,Romance,1h 55m,6.2,225
El Hawa Sultan,Romance,2h 16m,6.5,894
Enchanting Christmas,Romance,1h 31m,6.3,371
Say a Little Prayer,Romance,1h 43m,8.5,48
Tendaberry,Romance,1h 55m,6.4,283
The Glory of Life,Romance,1h 38m,6.6,472
Rajkumar,Romance,2h 25m,7.4,2.8K
The Umesh Chronicles,Romance,2h 4m,8.5,17
Seni Memahami Kekasih,Romance,1h 31m,8.0,65
Badaa Saat Fi Yawman Ma,Romance,1h 40m,5.8,357
Saint Nick of Bethlehem,Romance,1h 33m,8.9,104
N/A,Romance,N/A,N/A,N/A
Could Have Waited for August,Romance,1h 52m,6.2,866
City Hunter,Romance,1h 42m,6.3,5.8K
Ashes,Romance,1h 40m,4.3,2.7K
Bad Newz,Romance,2h 22m,4.7,26K
Savi,Romance,2h 6m,6.1,35K
Young Werther,Romance,1h 41m,5.5,297
Romeo,Romance,2h 30m,6.0,1.4K
Ipar Adalah Maut,Romance,2h 11m,7.0,1.3K
Across the Sea,Romance,1h 52m,6.4,103
Miracle Mile,Romance,1h 22m,7.3,42
Why Do You?,Romance,1h 43m,5.3,482
Angithee 3,Romance,1h 39m,8.1,64
Música,Romance,1h 31m,6.4,5.1K
Perfect Match,Romance,1h 41m,6.6,369
Plan B,Romance,1h 30m,6.0,1.4K
Love Switch,Romance,1h 29m,6.1,285
Bachhala Malli,Romance,2h 20m,8.2,4K
Ibbani Tabbida Ileyali,Romance,2h 40m,7.4,881
Haunted Heart,Romance,2h 8m,4.7,529
"Love, Divided",Romance,1h 38m,6.0,4.8K
Ek Anjaan Rishtey Ka Guilt 3,Romance,1h 44m,7.9,71
Seven Seas Seven Hills,Romance,1h 30m,8.6,101
Guilty Pleasure,Romance,1h 59m,4.7,178
"Hello, Love, Again",Romance,2h 2m,6.7,956
N/A,Romance,N/A,N/A,N/A
Sex Love Venice,Romance,1h 42m,4.3,373
Still Fabulous,Romance,1h 32m,4.9,883
Tillu Square,Romance,2h 17m,6.6,3.5K
Cinderella's Revenge,Romance,1h 25m,3.7,1.2K
Pantaskah Aku Berhijab,Romance,1h 54m,7.9,84
The Swedish Torpedo,Romance,2h,6.0,298
Another End,Romance,1h 59m,6.4,858
Good Bad Things,Romance,1h 36m,5.8,242
Undergrads,Romance,1h 6m,5.1,65
Darkest Miriam,Romance,1h 27m,5.8,335
Miss You,Romance,2h 8m,6.1,3.2K
Love at 39 Degrees,Romance,1h 55m,5.6,1.5K
A Merry Royal Christmas,Romance,1h 28m,5.4,168
Mr. Bachchan,Romance,2h 30m,3.6,5.3K
Love Me If You Dare,Romance,2h 8m,4.3,484
Langue Étrangère,Romance,1h 41m,6.6,591
Honeymoonish,Romance,1h 40m,5.3,1.6K
Love Story,Romance,2h 5m,5.4,444
Love Reddy,Romance,2h 18m,8.0,2.3K
Previously Saved Version,Romance,1h 57m,5.5,473
The Groomsmen Last Dance,Romance,1h 24m,6.9,385
Perfect Endings,Romance,1h 40m,5.6,237
Jatt & Juliet 3,Romance,2h 15m,5.3,1.9K
Karma's a Bitch,Romance,1h 29m,4.7,46
Trisha on the Rocks,Romance,2h 52m,5.3,3K
Aichaku,Romance,1h 58m,6.8,416
The Groomsmen: First Look,Romance,1h 22m,6.1,416
X & Y,Romance,1h 41m,8.1,17
The Holiday Exchange,Romance,1h 30m,5.6,427
Kang Mak,Romance,2h 2m,6.4,910
Paalum Pazhavum,Romance,2h 27m,4.9,194
DeAr,Romance,2h 12m,5.2,1.7K
Gone Running,Romance,1h 45m,7.0,4.5K
"Love, Wine & Salt: A Tuscan Romance",Romance,1h 20m,5.3,70
The Private Eye,Romance,1h 55m,3.7,164
Raseeli Raatein,Romance,1h 31m,6.7,12
Los pequeños amores,Romance,1h 35m,6.3,405
Viva La Vida,Romance,2h 10m,7.6,893
Umjolo: The Gone Girl,Romance,1h 32m,4.4,290
Mascarpone: The Rainbow Cake,Romance,1h 45m,6.1,558
Season of Love,Romance,2h 6m,5.0,433
Layla,Romance,1h 40m,6.1,480
Chijin no ai,Romance,1h 45m,8.0,11
Stranded Pearl,Romance,1h 30m,5.3,35
"Love, Sitara",Romance,1h 45m,5.3,310
Reloaded 2,Romance,45m,7.5,1.2K
Fake Boyfriend,Romance,1h 55m,9.0,18
Goyo,Romance,1h 46m,6.6,2.3K
She Taught Love,Romance,1h 42m,5.3,429
Passport to Love,Romance,1h 28m,6.2,432
My Boo,Romance,2h 5m,6.1,738
"LSD 2: Love, Sex Aur Dhokha 2",Romance,1h 59m,3.8,2.8K
Maybe Forever,Romance,1h 11m,5.8,104
Elevator,Romance,1h 35m,5.2,190
Bigayan,Romance,43m,6.2,46
A Circus Tale & a Love Song,Romance,1h 54m,5.9,114
Dilan 1983,Romance,1h 56m,6.3,248
N/A,Romance,N/A,N/A,N/A
Pure Love,Romance,1h 49m,7.1,205
Svemu dodje kraj,Romance,1h 29m,6.4,375
Love Lies,Romance,1h 54m,7.0,402
Reversi,Romance,2h 15m,7.0,313
Chainsaws Were Singing,Romance,1h 57m,7.2,391
The Great Gujarati Matrimony,Romance,2h 24m,7.6,96
Kaaduvetty,Romance,2h 37m,3.2,149
The Best Friend,Romance,1h 36m,6.4,152
Meet Me in Rome,Romance,1h 25m,5.2,696
El Roomie,Romance,1h 39m,5.8,317
Amar Prem Ki Prem Kahani,Romance,1h 57m,4.5,676
Roti Kapda Romance,Romance,2h 33m,5.9,2.5K
Marry Christmas,Romance,1h 25m,6.3,67
The Groomsmen: Second Chances,Romance,1h 24m,6.1,475
Honeko Akabane's Bodyguards,Romance,1h 57m,6.0,51
Breakup Season,Romance,1h 42m,6.2,613
Happiness Is,Romance,1h 36m,3.8,309
Sevmek Yüzünden,Romance,1h 44m,3.5,668
No Pressure,Romance,1h 51m,5.1,1.1K
Ancika,Romance,1h 40m,6.8,824
Un/Happy for You,Romance,1h 50m,5.7,422
A Soldier for Christmas,Romance,1h 31m,8.2,8
In Good Hands 2,Romance,1h 39m,5.3,1K
Love Unlike in K-Dramas,Romance,1h 58m,6.5,149
He Loves Me Not,Romance,1h 37m,6.8,55
Holiday for Hire,Romance,1h 24m,5.8,197
Love Syndrome: The Beginning,Romance,1h 30m,6.1,68
A European Christmas,Romance,1h 30m,4.7,199
L'heureuse élue,Romance,1h 31m,5.5,386
N/A,Romance,N/A,N/A,N/A
Rose Rosy Te Gulab,Romance,2h 15m,5.8,320
Teasing Master Takagi-san Movie,Romance,1h 59m,6.6,369
Aaram Aravinda Swamy,Romance,2h 12m,9.3,331
The Silence of Marcos Tremmer,Romance,1h 52m,5.9,198
Pasutri Gaje,Romance,1h 49m,6.0,359
The Christmas Brew,Romance,1h 29m,5.4,155
Fruitcake,Romance,1h 37m,5.3,170
Given the Movie: Hiiragi Mix,Romance,1h 10m,7.6,246
Lyubvi ne byvaet?,Romance,1h 45m,5.4,167
"Walter, Grace & The Submarine",Romance,1h 40m,9.3,8
N/A,Romance,N/A,N/A,N/A
N/A,Romance,N/A,N/A,N/A
Heavens x Candy,Romance,1h 10m,6.1,53
Sihinayaki Adare,Romance,2h 30m,6.5,200
Switch Up,Romance,1h 45m,8.6,30
N/A,Romance,N/A,N/A,N/A
Beauty and the Billionaire: Bali,Romance,1h 31m,5.8,239
Dying Briefly,Romance,1h 18m,5.9,58
Samana Sunrise,Romance,1h 40m,5.0,260
Yuva,Romance,2h 33m,5.7,854
Pon Ondru Kanden,Romance,2h,5.6,287
The Holiday Club,Romance,1h 28m,6.6,399
Love... Reconsidered,Romance,1h 28m,4.1,142
Forbidden Love,Romance,1h 36m,7.8,31
Letters at Christmas,Romance,1h 24m,3.6,183
Éden & Charlie,Romance,45m,7.7,16
Anyone But Her,Romance,1h 33m,4.9,295
Black Owner and Horny College Girls,Romance,1h 5m,3.6,10
Letuchiy korabl,Romance,1h 40m,3.4,394
O2,Romance,1h 45m,6.6,8.1K
Shark Island,Romance,1h 21m,3.0,138
Love Is Never on Time,Romance,1h 50m,8.6,75
Murphy,Romance,2h 16m,7.0,2.4K
Kisko Tha Pata,Romance,2h 15m,6.9,21
Alterlove,Romance,1h 30m,7.8,15
Kupu-Kupu Kertas,Romance,1h 53m,6.5,225
Kill Me If You Dare,Romance,1h 34m,4.6,1.4K
Oshana,Romance,2h 29m,5.7,800
Amaltash,Romance,1h 53m,8.1,160
Azzamine,Romance,1h 44m,7.0,121
The Time of Fever,Romance,1h 41m,8.0,757
C4 Cinta,Romance,2h 47m,7.4,158
The Proud Princess,Romance,1h 24m,6.4,150
Sicilian Holiday,Romance,1h 42m,4.9,24
Sweet Summer Love,Romance,1h 30m,6.6,76
We Are Faheem & Karun,Romance,1h 21m,9.0,80
A Toast to Love,Romance,1h 29m,5.7,153
Albany Road,Romance,2h 15m,7.8,118
Kacher Manush Dure Thuiya,Romance,2h 24m,7.8,1.2K
Lobola Man,Romance,1h 48m,4.5,216
Game On,Romance,2h 20m,5.2,2.3K
Liu mang qu mo shi,Romance,1h 44m,5.6,56
Heartbreak Motel,Romance,1h 55m,7.0,321
Him,Romance,1h 20m,7.4,32
Christmas on the Ranch,Romance,1h 26m,6.1,140
Joli joli,Romance,1h 56m,5.5,148
Paper Flowers,Romance,1h 40m,8.5,37
The Lifeguards,Romance,1h 47m,3.7,147
Hold Me Close,Romance,1h 38m,4.8,77
"María, Me Muero",Romance,1h 33m,5.2,123
Prabuthwa Junior Kalashala,Romance,2h 11m,7.0,2.1K
À toute allure,Romance,1h 26m,5.4,239
Shrek 5: The Contract - A Fan Made Film,Romance,1h 24m,7.4,22
Alaap,Romance,2h 25m,6.5,151
One Night in Tokyo,Romance,1h 35m,7.1,93
The Heartbreak Agency,Romance,1h 34m,5.3,747
N/A,Romance,N/A,N/A,N/A
Lady Outlaw,Romance,1h 44m,6.6,26
Ahl Al Kahf,Romance,2h,5.3,296
"Aku Jati, Aku Asperger",Romance,1h 28m,7.6,95
Last Song for You,Romance,1h 46m,7.0,111
PAPmusic - Animation for Fashion,Romance,1h 25m,1.1,198
Meeting Ms. Leigh,Romance,1h 57m,8.8,82
Love You to Debt,Romance,2h 15m,6.2,778
Sureshinteyum Sumalathayudeyum Hridayahariyaya Pranayakatha,Romance,2h 18m,6.0,85
Books & Drinks,Romance,1h 34m,5.1,155
"It's So Big It Hurts, Black Oppa",Romance,1h 1m,5.6,11
Christmas at Plumhill Manor,Romance,1h 27m,6.1,509
Moments We Shared,Romance,2h 11m,5.3,134
A Heart for Christmas,Romance,1h 31m,7.6,102
The Architecture of Love,Romance,1h 50m,6.9,519
N/A,Romance,N/A,N/A,N/A
Midwinter,Romance,1h 35m,6.5,60
Verliefd op Bali,Romance,1h 53m,5.0,338
Momma's Boy,Romance,1h 45m,3.8,49
Dreaming of You,Romance,1h 35m,8.4,63
Christmas in Lagos,Romance,2h,4.7,182
A Christmas of Wonders,Romance,1h 26m,4.9,131
N/A,Romance,N/A,N/A,N/A
N/A,Romance,N/A,N/A,N/A
Shooting My Life's Script,Romance,1h 35m,6.2,344
Umjolo: Day Ones,Romance,1h 26m,4.2,167
A Brooklyn Love Story,Romance,1h 47m,5.3,116
N/A,Romance,N/A,N/A,N/A
That Kind of Love,Romance,2h 16m,5.7,340
Dhruvathaare,Romance,2h 45m,8.0,649
Onegin,Romance,2h 21m,7.0,1.2K
N/A,Romance,N/A,N/A,N/A
Young Lion of the West,Romance,1h 33m,5.3,110
N/A,Romance,N/A,N/A,N/A
Premalo,Romance,2h 8m,7.3,1.1K
Soft Love,Romance,1h 54m,6.8,42
Perdiendo el Juicio,Romance,1h 30m,7.7,21
Jingle Bell Love,Romance,1h 21m,6.1,224
Little Hearts,Romance,2h 16m,5.9,2.6K
Matters of the Heart,Romance,1h 50m,6.8,319
In the Summer Rain,Romance,2h 9m,6.2,21
Life is Filled with So Much of You,Romance,1h 39m,7.2,78
Morando com o Crush,Romance,1h 30m,5.5,190
My Boyfriend Is a Sex Worker,Romance,50m,5.4,17
Ma chi ti conosce,Romance,1h 45m,5.8,146
What Happened in My Black Boyfriend's Room,Romance,1h 2m,5.4,11
Sign Here,Romance,1h 40m,6.2,255
N/A,Romance,N/A,N/A,N/A
N/A,Romance,N/A,N/A,N/A
N/A,Romance,N/A,N/A,N/A
Maple Leaf Dreams,Romance,1h 41m,4.8,138
Future Date,Romance,1h 22m,5.6,133
My Sassy Girl,Romance,1h 57m,5.1,149
Royal Façade,Romance,1h 35m,8.4,60
The Little Things,Romance,1h 30m,7.8,44
A Christmas Dream,Romance,1h 34m,4.9,54
Powder Pup,Romance,1h 29m,6.0,84
Throuple,Romance,1h 32m,6.4,75
The Mediterranean Sea,Romance,1h 48m,7.2,99
N/A,Romance,N/A,N/A,N/A
Boys on Film 24: Happy Endings,Romance,2h 54m,7.0,29
Juni,Romance,2h 18m,7.3,227
Pool & Party,Romance,1h 30m,2.7,270
You Are Not Alone,Romance,1h 45m,6.0,77
My Zombabe,Romance,1h 45m,5.0,94
Die Ironie des Lebens,Romance,1h 49m,6.6,79
Kuch Sapney Apne,Romance,2h,8.1,57
Ben and Suzanne: A Reunion in 4 Parts,Romance,1h 49m,8.5,29
Yesterday Is Almost Here,Romance,1h 32m,8.1,11
Love Stuck,Romance,1h 56m,5.7,165
N/A,Romance,N/A,N/A,N/A
Yumi's Cells: The Movie,Romance,1h 33m,6.3,55
N/A,Romance,N/A,N/A,N/A
Benaam Rishta,Romance,1h 30m,6.9,12
"Goodbye, Farewell",Romance,1h 49m,7.8,14
Mi Ilustrísimo Amigo,Romance,1h 20m,9.8,5
Writing a Love Song,Romance,1h 25m,6.7,195
Election,Romance,2h,5.8,806
Hong lou meng,Romance,2h,5.0,36
Bad Boy in Love,Romance,1h 31m,8.8,22
A Bluegrass Christmas,Romance,1h 24m,6.0,248
"Aire, Just Breathe",Romance,1h 38m,4.7,206
I Am the Secret in Your Heart,Romance,1h 52m,6.1,226
Günesi Söndürmem Gerek,Romance,1h 45m,3.5,212
Our Church Thinks We're Dating,Romance,1h 42m,7.3,62
Your 1/2 of the Rent,Romance,1h 45m,7.2,20
Sihina Nelum Mal,Romance,1h 45m,7.9,37
Mann Behka,Romance,1h 17m,9.4,8
Komandir,Romance,2h 11m,6.3,537
Take Good Care,Romance,1h 41m,5.7,7
Under Parallel Skies,Romance,1h 50m,5.7,861
Poppay Ki Wedding,Romance,2h 7m,8.8,78
Hrashwo Deergha,Romance,2h 30m,7.8,107
N/A,Romance,N/A,N/A,N/A
36-24-36,Romance,1h 58m,6.0,246
Double Blended,Romance,1h 27m,5.4,57
Joy of Horses,Romance,1h 30m,5.5,179
Explosions in My Heart,Romance,1h 45m,6.6,49
"Chances Are, You and I",Romance,2h 12m,6.0,152
Honeymoon Express,Romance,1h 58m,6.8,2.1K
Heart Strings,Romance,1h 47m,5.5,13
Ibiza Dark,Romance,1h 35m,8.5,19
Once Upon A Love Story,Romance,2h 15m,7.5,86
Last Defenders of Monogamy,Romance,1h 24m,5.3,404
N/A,Romance,N/A,N/A,N/A
Inheritance to Love,Romance,1h 28m,9.1,33
Emakku Thozhil Romance,Romance,1h 51m,4.8,132
Visal Adare,Romance,2h,6.1,153
Dinda,Romance,1h 34m,6.7,45
Neath's Love Story,Romance,1h 46m,7.7,53
Noche De Bodas,Romance,1h 30m,4.5,244
N/A,Romance,N/A,N/A,N/A
Mafia Temptation,Romance,1h 22m,8.4,8
Vidya Vasula Aham,Romance,1h 42m,6.5,93
14 Days Love,Romance,1h 52m,6.4,12
N/A,Romance,N/A,N/A,N/A
On the Market,Romance,1h 35m,5.7,11
The Mercedes Story: A Troubled Soul,Romance,2h 8m,7.6,21
Kajolrekha,Romance,2h 36m,6.3,198
"Till Then, Hanna!",Romance,1h 50m,6.2,317
The Gift That Gives,Romance,1h 21m,5.7,76
The Choice,Romance,40m,9.5,8
Choices,Romance,1h 27m,5.1,9
N/A,Romance,N/A,N/A,N/A
Yo no soy esa,Romance,1h 35m,4.9,295
Gili Gili Raat,Romance,1h 33m,5.7,12
Hani,Romance,1h 13m,7.7,7
N/A,Romance,N/A,N/A,N/A
Khwaabon Ka Jhamela,Romance,1h 53m,5.4,113
Who Wants to Marry an Astronaut?,Romance,1h 34m,6.9,19
Nikdo me nemá rád,Romance,1h 24m,5.6,47
Amo-te Imenso,Romance,1h 27m,5.8,92
Rokjesnacht,Romance,1h 35m,4.8,243
N/A,Romance,N/A,N/A,N/A
¿Vienes o Voy?,Romance,1h 34m,6.7,19
How to Make Love,Romance,1h 5m,2.8,12
Skinny Love,Romance,1h 32m,5.6,136
Looking for Dr. Love,Romance,1h 25m,6.0,136
Usha Parinayam,Romance,2h 24m,9.0,2.1K
Traces of Love,Romance,1h 45m,6.5,926
I Love You 2,Romance,2h 40m,8.2,176
N/A,Romance,N/A,N/A,N/A
Ondu Sarala Prema Kathe,Romance,2h 29m,7.5,724
Ciao bambino,Romance,1h 40m,6.7,93
Oru Kattil Oru Muri,Romance,2h 5m,4.6,64
N/A,Romance,N/A,N/A,N/A
Jee Ve Sohneya Jee,Romance,2h 21m,6.6,263
The Sweet Life,Romance,1h 41m,5.4,69
Three Secrets,Romance,1h 32m,4.1,53
Kanni,Romance,2h 2m,8.3,154
Apaixonada,Romance,1h 35m,4.2,146
N/A,Romance,N/A,N/A,N/A
Land of Broken Hearts,Romance,1h 40m,6.3,218
Daghabaaz Dil,Romance,2h 3m,6.6,73
Ienai Himitsu,Romance,1h 55m,6.7,81
Gecenin Nakarati,Romance,1h 44m,6.9,30
N/A,Romance,N/A,N/A,N/A
Mendung tanpo udan,Romance,1h 41m,6.4,26
Video Vision,Romance,1h 18m,5.8,20
Morena,Romance,1h 46m,5.4,130
Parahuna 2,Romance,1h 55m,6.6,86
Petta Rap,Romance,2h 3m,4.0,1.7K
On+Ona,Romance,1h 33m,7.4,15
Lyubov Sovetskogo Soyuza,Romance,2h 30m,5.1,298
A Soweto Love Story,Romance,1h 41m,4.4,288
N/A,Romance,N/A,N/A,N/A
Hope's Hollywood Christmas,Romance,1h 30m,8.4,33
Maru Mann Taru Thayu,Romance,2h 33m,7.5,23
Hidden Flora,Romance,1h 33m,7.0,20
N/A,Romance,N/A,N/A,N/A
Assisting Venus,Romance,1h 40m,6.2,27
Elle & lui & le reste du monde,Romance,1h 25m,5.8,114
N/A,Romance,N/A,N/A,N/A
Mi Perfecto Ex,Romance,1h 23m,7.6,19
A Thousand Faces,Romance,1h 25m,8.7,139
8 Views of Lake Biwa,Romance,2h 6m,5.2,134
Babli,Romance,2h 14m,6.8,571
Yolki 11,Romance,1h 32m,4.7,185
Atashi no!,Romance,1h 42m,7.4,6
N/A,Romance,N/A,N/A,N/A
Table for Six 2,Romance,2h 13m,5.4,334
Christmas Overtime,Romance,1h 32m,5.6,27
Pretty Boys,Romance,1h 7m,5.4,35
Welcome to My Side,Romance,1h 42m,6.9,106
Zyat,Romance,1h 20m,4.3,118
Rabb Da Radio 3,Romance,2h 2m,7.3,8
"Dao, Pho Va Piano",Romance,1h 40m,5.7,216
N/A,Romance,N/A,N/A,N/A
Olivia & the Clouds,Romance,1h 21m,7.3,62
N/A,Romance,N/A,N/A,N/A
Teriyaan Meriyaan Hera Pheriyan,Romance,2h 5m,6.7,77
N/A,Romance,N/A,N/A,N/A
N/A,Romance,N/A,N/A,N/A
I Brake for Caterpillars,Romance,1h 33m,4.0,33
N/A,Romance,N/A,N/A,N/A
Nado snimat filmy o lyubvi,Romance,1h 13m,7.3,41
Buk Poketer Golpo,Romance,1h 35m,7.9,233
Yeni Hayat,Romance,2h 12m,2.8,40
Uang Panai' 2 Maha(r)l,Romance,1h 46m,7.6,45
Booking,Romance,29m,7.6,67
The Property,Romance,1h 50m,7.5,73
Do I Shock U Like Lightning,Romance,1h 37m,8.5,27
Valentine's Town,Romance,1h 24m,5.2,204
N/A,Romance,N/A,N/A,N/A
Deyaler Desh,Romance,2h 19m,7.2,182
N/A,Romance,N/A,N/A,N/A
N/A,Romance,N/A,N/A,N/A
Addy Daddy,Romance,1h 58m,7.4,31
Adam i Eva,Romance,1h 35m,5.0,98
Life Hotel,Romance,1h 58m,6.6,158
N/A,Romance,N/A,N/A,N/A
Kagojer Bou,Romance,1h 52m,5.6,32
N/A,Romance,N/A,N/A,N/A
Le beau rôle,Romance,1h 24m,6.3,111
Boda Love,Romance,1h 47m,7.6,23
N/A,Romance,N/A,N/A,N/A
Bar MoskvaChiki,Romance,1h 31m,5.0,107
Coven of the Black Cube,Romance,1h 37m,7.2,28
Love Mocktail 2,Romance,2h 20m,8.8,3.1K
A Mountain Between Us,Romance,1h 29m,5.3,34
N/A,Romance,N/A,N/A,N/A
40,Romance,1h 43m,4.7,27
Hi Anokhi Gaath,Romance,2h 6m,6.8,84
Bed & Breakfast,Romance,1h 23m,6.1,222
Mercy Killing,Romance,2h 11m,8.7,2.7K
Every You Every Me,Romance,1h 48m,6.5,151
Konjam Pesinaal Yenna,Romance,1h 52m,7.1,68
N/A,Romance,N/A,N/A,N/A
SottoCoperta,Romance,1h 36m,7.5,85
Funmilayo Ransome-Kuti,Romance,1h 31m,8.5,101
N/A,Romance,N/A,N/A,N/A
N/A,Romance,N/A,N/A,N/A
Buzzy Noise,Romance,1h 59m,6.0,61
Maaya Ka Moh,Romance,1h 30m,3.7,17
N/A,Romance,N/A,N/A,N/A
Ye xiao nü sheng,Romance,1h 50m,7.1,52
N/A,Romance,N/A,N/A,N/A
Hell City,Romance,1h 30m,9.1,28
Stalker,Romance,1h 31m,2.7,11
N/A,Romance,N/A,N/A,N/A
Dhaaak,Romance,2h 8m,8.6,24
N/A,Romance,N/A,N/A,N/A
The Love Buzz,Romance,1h 40m,5.7,170
N/A,Romance,N/A,N/A,N/A
Bedtime Stories: Tales of Love and Hate,Romance,1h 5m,7.7,15
Lyubov so vtorogo vzglyada,Romance,1h 37m,4.7,74
N/A,Romance,N/A,N/A,N/A
N/A,Romance,N/A,N/A,N/A
Dukkhito,Romance,29m,7.4,69
B4S: Truoc Gio Yeu,Romance,1h 37m,5.6,65
N/A,Romance,N/A,N/A,N/A
Love at First Lie,Romance,1h 47m,4.3,39
Ravikula Raghurama,Romance,1h 51m,7.9,2.1K
DreadClub: Vampire's Verdict,Romance,1h 28m,4.5,64
A Very Bayou Holiday,Romance,1h 27m,5.2,11
This Is Not A Love Song,Romance,1h 12m,7.1,44
All's Fair in Love,Romance,1h 55m,6.6,18
Bienvenidos al paraíso,Romance,1h 40m,4.7,23
N/A,Romance,N/A,N/A,N/A
N/A,Romance,N/A,N/A,N/A
Greice,Romance,1h 50m,6.9,137
The Umbrella Fairy,Romance,1h 35m,5.7,62
Listy do M. Pozegnania i powroty,Romance,2h 3m,5.9,341
Goreyan Naal Lagdi Zameen Jatt Di,Romance,1h 48m,7.8,30
Nie Xiaoqian,Romance,1h 52m,6.3,19
N/A,Romance,N/A,N/A,N/A
ON i Ona,Romance,1h 30m,4.6,84
Podrostki. Pervaya lyubov,Romance,1h 42m,5.8,61
L'invenzione di noi due,Romance,1h 46m,4.8,40
Vremya est!,Romance,1h 14m,5.6,12
"Step Back, Doors Closing",Romance,1h 38m,9.0,41
Dr. Jason II - Lights & Shadows,Romance,1h 2m,5.0,349
N/A,Romance,N/A,N/A,N/A
Reeza GTR,Romance,1h 31m,6.9,16
N/A,Romance,N/A,N/A,N/A
#OOTD: Outfit of the Designer,Romance,1h 47m,5.7,49
N/A,Romance,N/A,N/A,N/A
To potami,Romance,1h 33m,6.4,22
N/A,Romance,N/A,N/A,N/A
Hearts Creek,Romance,1h 30m,5.9,130
N/A,Romance,N/A,N/A,N/A
N/A,Romance,N/A,N/A,N/A
N/A,Romance,N/A,N/A,N/A
Der Junge dem die Welt gehört,Romance,1h 36m,7.9,77
N/A,Romance,N/A,N/A,N/A
Dil Kush,Romance,2h 15m,8.1,550
Abhi,Romance,2h 15m,8.1,46
N/A,Romance,N/A,N/A,N/A
N/A,Romance,N/A,N/A,N/A
N/A,Romance,N/A,N/A,N/A
N/A,Romance,N/A,N/A,N/A
My Own Normal,Romance,57m,8.0,7
Jaunt,Romance,1h 18m,8.7,8
Raju Gari Ammayi Naidu Gari Abbayi,Romance,2h 38m,8.2,3.1K
Unarvugal Thodarkadhai,Romance,1h 51m,6.3,53
Haunted Happy Hour,Romance,1h 29m,7.4,18
Timing,Romance,2h 18m,7.6,66
Chow Chow Bath,Romance,1h 50m,7.2,1.2K
N/A,Romance,N/A,N/A,N/A
Lyod 3,Romance,2h 14m,6.0,317
Youth in Trouble,Romance,1h 46m,7.8,28
N/A,Romance,N/A,N/A,N/A
Eksie Perfeksie,Romance,1h 43m,6.4,22
More na dvoikh,Romance,1h 22m,5.0,26
N/A,Romance,N/A,N/A,N/A
Fragments of Us,Romance,49m,7.2,12
Silent Sparks,Romance,1h 18m,6.1,66
A Fragile Flower,Romance,1h 36m,7.9,1.6K
N/A,Romance,N/A,N/A,N/A
Undying,Romance,26m,6.5,15
N/A,Romance,N/A,N/A,N/A
Guxim,Romance,1h 15m,7.2,37
Khoka Bhai Tama Pain: A Song Epic,Romance,2h 33m,8.8,161
La piel en primavera,Romance,1h 40m,6.9,51
Allahr Vres,Romance,2h 15m,8.2,18
Tauba Tera Jalwa,Romance,2h 10m,5.4,17
Omenavarkaat,Romance,1h 24m,7.0,210
N/A,Romance,N/A,N/A,N/A
Zehan,Romance,1h 53m,5.0,28
N/A,Romance,N/A,N/A,N/A
N/A,Romance,N/A,N/A,N/A
N/A,Romance,N/A,N/A,N/A
Suchana,Romance,1h 30m,8.7,511
The Haunting of Lanquetot,Romance,1h 36m,3.7,10
N/A,Romance,N/A,N/A,N/A
Because I Love Bad Weather,Romance,1h 40m,6.2,160
Maunam,Romance,1h 46m,8.5,46
N/A,Romance,N/A,N/A,N/A
A Wall Away,Romance,1h 30m,4.9,76
Zorawar Di Jacqueline,Romance,2h 27m,5.7,1K
Papu mame zaverni,Romance,1h 46m,3.6,72
N/A,Romance,N/A,N/A,N/A
"Fallen Leaves, Broken Lighters",Romance,1h 36m,7.7,8
La herencia de Flora,Romance,2h 14m,5.8,6
If My Lover Were a Flower,Romance,1h 50m,8.7,9
N/A,Romance,N/A,N/A,N/A
Surjo,Romance,2h 35m,7.8,14
Cedo Demais,Romance,1h 30m,4.5,29
Labyrinth,Romance,1h 40m,4.7,18
Gharjwai,Romance,2h 14m,7.9,907
N/A,Romance,N/A,N/A,N/A
N/A,Romance,N/A,N/A,N/A
N/A,Romance,N/A,N/A,N/A
Tochka opory,Romance,1h 41m,4.2,34
N/A,Romance,N/A,N/A,N/A
N/A,Romance,N/A,N/A,N/A
For Regn,Romance,2h 20m,3.8,565
N/A,Romance,N/A,N/A,N/A
Pithala Maathi,Romance,2h 20m,7.5,845
N/A,Romance,N/A,N/A,N/A
N/A,Romance,N/A,N/A,N/A
N/A,Romance,N/A,N/A,N/A
Before Marriage,Romance,1h 52m,7.9,1.1K
N/A,Romance,N/A,N/A,N/A
N/A,Romance,N/A,N/A,N/A
Pravo na levo,Romance,1h 28m,3.6,41
Penguin Girl,Romance,1h 38m,6.2,20
La Pura Vida,Romance,1h 29m,7.3,33
Chetyre chetverti,Romance,2h 32m,7.8,12
Licença para Enlouquecer,Romance,1h 35m,7.8,16
Neath's Love Story 2,Romance,1h 28m,7.3,23
N/A,Romance,N/A,N/A,N/A
Love Love,Romance,1h 1m,9.0,7
10 Pasimatymu,Romance,1h 39m,5.7,31
N/A,Romance,N/A,N/A,N/A
Keluar Main 1994,Romance,1h 52m,7.8,56
N/A,Romance,N/A,N/A,N/A
Puang Bos!,Romance,1h 40m,8.4,12
Bambara Wasanthe,Romance,1h 41m,7.5,6
I 20,Romance,1h 54m,9.0,494
N/A,Romance,N/A,N/A,N/A
Koi wo Shiranai Bokutachi wa,Romance,1h 51m,5.3,10
Bewafa Darling,Romance,56m,8.7,15
iKHlaas,Romance,50m,8.1,17
Majnoo,Romance,2h 3m,9.6,61
N/A,Romance,N/A,N/A,N/A
Apsara,Romance,2h 30m,6.8,34
Lucky Heart,Romance,1h 30m,4.4,12
Sangharshana,Romance,1h 42m,7.3,1.6K
Forget Me Not,Romance,1h 29m,6.5,157
N/A,Romance,N/A,N/A,N/A
Love Mouli,Romance,2h 26m,6.5,87
Ayo Balikan,Romance,1h 26m,7.0,32
Cedric & Alysia,Romance,1h 24m,5.3,52
Fujimi Lovers,Romance,1h 43m,6.0,48
